condition,system,loss_mean,loss_low,loss_high,loss_n,loss_mcse,mean_demagogue_fraction_mean,mean_demagogue_fraction_low,mean_demagogue_fraction_high,mean_demagogue_fraction_n,mean_demagogue_fraction_mcse,mean_represented_population_share_mean,mean_represented_population_share_low,mean_represented_population_share_high,mean_represented_population_share_n,mean_represented_population_share_mcse,mean_representation_js_divergence_mean,mean_representation_js_divergence_low,mean_representation_js_divergence_high,mean_representation_js_divergence_n,mean_representation_js_divergence_mcse
baseline,Appeal-based selection baseline,2.2092187164780674,2.0702061683883586,2.3482312645677763,30,0.0679691635726298,0.7242666666666667,0.7087795270705933,0.7397538062627401,30,0.0075723230668238465,0.06750666666666666,0.06542973637116295,0.06958359696217037,30,0.001015499801449166,0.8239254497323856,0.820451393174442,0.8273995062903291,30,0.001698614417851341
baseline,Autocracy,8.384582817582046,7.3461224526355355,9.423043182528557,30,0.5077475622070661,0.044000000000000004,0.013528342479078432,0.07447165752092158,30,0.014898892962037577,0.021226666666666668,0.019377310071469613,0.023076023261863723,30,0.0009042293134714203,0.9273350807338243,0.922308161310843,0.9323620001568056,30,0.002457875301347292
baseline,Direct public-indicator policy,0.0,0.0,0.0,30,0.0,0.0,0.0,0.0,30,0.0,0.0,0.0,0.0,30,0.0,1.0,1.0,1.0,30,0.0
baseline,PKD,0.13442683656310167,0.1316209221333567,0.13723275099284665,30,0.0013719312354670578,0.011066666666666667,0.0014912808808687263,0.02064205245246461,30,0.004681814495810366,0.2602866666666667,0.25283337429631964,0.2677399590370138,30,0.0036442325188358955,0.5515248776486099,0.5436486012389571,0.5594011540582627,30,0.0038510474556977554
baseline,Population equal mean,0.08755949703923924,0.08671960146457967,0.0883993926138988,30,0.0004106607675526109,0.05000000000000001,0.05,0.05000000000000002,30,2.5770405001214727e-18,1.0,1.0,1.0,30,1.0646223935437328e-17,0.0,0.0,0.0,30,0.0
baseline,Population score weighted,0.03153861800866986,0.0312183125364933,0.03185892348084642,30,0.00015661100620591303,0.05000000000000001,0.05,0.05000000000000002,30,2.5770405001214727e-18,1.0,1.0,1.0,30,1.0646223935437328e-17,0.0,0.0,0.0,30,0.0
baseline,Sortition,0.8696402660810049,0.8556592534574292,0.8836212787045805,30,0.006835913354451838,0.04813333333333335,0.04553196702462623,0.050734699642040464,30,0.0012719189352225942,0.19352666666666668,0.18864914738911107,0.1984041859442223,30,0.002384827198411559,0.6321792248604257,0.6264577840688925,0.6379006656519588,30,0.002797456419400882
baseline,Sortition + deliberation,0.9220646273134699,0.9058745880214004,0.9382546666055395,30,0.007916000706496248,0.052666666666666674,0.04896970097199981,0.056363632361333536,30,0.0018076042017520235,0.19329999999999994,0.18850233866124785,0.19809766133875203,30,0.0023457812462317137,0.6323337352048716,0.6265566878834601,0.6381107825262831,30,0.00282464482344748
baseline,Voter-aggregated election,0.6845776746658345,0.6562632421824087,0.7128921071492603,30,0.01384413363670027,0.1186666666666667,0.10458767463673706,0.13274565869659635,30,0.006883819664988081,0.09869333333333333,0.0944552836302327,0.10293138303643395,30,0.0020721632504217585,0.7684296845821134,0.7615875412253356,0.7752718279388912,30,0.003345415700920013
shock_absent,Appeal-based selection baseline,1.3872400771757578,1.3275566679611213,1.4469234863903944,30,0.029181764230837393,0.41226666666666667,0.39357450046816816,0.4309588328651652,30,0.009139397265437088,0.08562666666666668,0.08226411012990813,0.08898922320342524,30,0.0016440973020771354,0.7915449566558249,0.7859667040345164,0.7971232092771334,30,0.002727445616078443
shock_absent,Autocracy,8.19346207977474,7.187001585276524,9.199922574272957,30,0.4921014607673638,0.044000000000000004,0.013528342479078432,0.07447165752092158,30,0.014898892962037577,0.021226666666666668,0.019377310071469613,0.023076023261863723,30,0.0009042293134714203,0.9273350807338243,0.922308161310843,0.9323620001568056,30,0.002457875301347292
shock_absent,Direct public-indicator policy,0.0,0.0,0.0,30,0.0,0.0,0.0,0.0,30,0.0,0.0,0.0,0.0,30,0.0,1.0,1.0,1.0,30,0.0
shock_absent,PKD,0.13441975876729645,0.1316148334253282,0.1372246841092647,30,0.0013714476282689527,0.011066666666666667,0.0014912808808687263,0.02064205245246461,30,0.004681814495810366,0.2602866666666667,0.25283337429631964,0.2677399590370138,30,0.0036442325188358955,0.5515248776486099,0.5436486012389571,0.5594011540582627,30,0.0038510474556977554
shock_absent,Population equal mean,0.08539511253327728,0.08465258031472381,0.08613764475183075,30,0.00036305567025675595,0.05000000000000001,0.05,0.05000000000000002,30,2.5770405001214727e-18,1.0,1.0,1.0,30,1.0646223935437328e-17,0.0,0.0,0.0,30,0.0
shock_absent,Population score weighted,0.031526405884262136,0.03120637834835857,0.0318464334201657,30,0.00015647511130821,0.05000000000000001,0.05,0.05000000000000002,30,2.5770405001214727e-18,1.0,1.0,1.0,30,1.0646223935437328e-17,0.0,0.0,0.0,30,0.0
shock_absent,Sortition,0.8495727419125193,0.8361858438852436,0.862959639939795,30,0.006545425389647807,0.04813333333333335,0.04553196702462623,0.050734699642040464,30,0.0012719189352225942,0.19352666666666668,0.18864914738911107,0.1984041859442223,30,0.002384827198411559,0.6321792248604257,0.6264577840688925,0.6379006656519588,30,0.002797456419400882
shock_absent,Sortition + deliberation,0.8984995436501628,0.8821464677982516,0.9148526195020741,30,0.007995716234025813,0.052666666666666674,0.04896970097199981,0.056363632361333536,30,0.0018076042017520235,0.19329999999999994,0.18850233866124785,0.19809766133875203,30,0.0023457812462317137,0.6323337352048716,0.6265566878834601,0.6381107825262831,30,0.00282464482344748
shock_absent,Voter-aggregated election,0.5963707508273771,0.5740559781545773,0.6186855235001769,30,0.010910644072970979,0.13333333333333336,0.11827739079345434,0.14838927587321238,30,0.007361492435724298,0.09863999999999999,0.09434754172664161,0.10293245827335837,30,0.0020987659209174793,0.7685915849640291,0.7616652820144454,0.7755178879136129,30,0.0033865649152049317
no_deliberation,Appeal-based selection baseline,2.2092187164780674,2.0702061683883586,2.3482312645677763,30,0.0679691635726298,0.7242666666666667,0.7087795270705933,0.7397538062627401,30,0.0075723230668238465,0.06750666666666666,0.06542973637116295,0.06958359696217037,30,0.001015499801449166,0.8239254497323856,0.820451393174442,0.8273995062903291,30,0.001698614417851341
no_deliberation,Autocracy,8.384582817582046,7.3461224526355355,9.423043182528557,30,0.5077475622070661,0.044000000000000004,0.013528342479078432,0.07447165752092158,30,0.014898892962037577,0.021226666666666668,0.019377310071469613,0.023076023261863723,30,0.0009042293134714203,0.9273350807338243,0.922308161310843,0.9323620001568056,30,0.002457875301347292
no_deliberation,Direct public-indicator policy,0.0,0.0,0.0,30,0.0,0.0,0.0,0.0,30,0.0,0.0,0.0,0.0,30,0.0,1.0,1.0,1.0,30,0.0
no_deliberation,PKD,0.13423989914431753,0.1314573465848066,0.13702245170382846,30,0.0013605086207382376,0.011066666666666667,0.0014912808808687263,0.02064205245246461,30,0.004681814495810366,0.2602866666666667,0.25283337429631964,0.2677399590370138,30,0.0036442325188358955,0.5515248776486099,0.5436486012389571,0.5594011540582627,30,0.0038510474556977554
no_deliberation,Population equal mean,0.08755949703923924,0.08671960146457967,0.0883993926138988,30,0.0004106607675526109,0.05000000000000001,0.05,0.05000000000000002,30,2.5770405001214727e-18,1.0,1.0,1.0,30,1.0646223935437328e-17,0.0,0.0,0.0,30,0.0
no_deliberation,Population score weighted,0.03153861800866986,0.0312183125364933,0.03185892348084642,30,0.00015661100620591303,0.05000000000000001,0.05,0.05000000000000002,30,2.5770405001214727e-18,1.0,1.0,1.0,30,1.0646223935437328e-17,0.0,0.0,0.0,30,0.0
no_deliberation,Sortition,0.8696402660810049,0.8556592534574292,0.8836212787045805,30,0.006835913354451838,0.04813333333333335,0.04553196702462623,0.050734699642040464,30,0.0012719189352225942,0.19352666666666668,0.18864914738911107,0.1984041859442223,30,0.002384827198411559,0.6321792248604257,0.6264577840688925,0.6379006656519588,30,0.002797456419400882
no_deliberation,Sortition + deliberation,0.9220646273134699,0.9058745880214004,0.9382546666055395,30,0.007916000706496248,0.052666666666666674,0.04896970097199981,0.056363632361333536,30,0.0018076042017520235,0.19329999999999994,0.18850233866124785,0.19809766133875203,30,0.0023457812462317137,0.6323337352048716,0.6265566878834601,0.6381107825262831,30,0.00282464482344748
no_deliberation,Voter-aggregated election,0.6845776746658345,0.6562632421824087,0.7128921071492603,30,0.01384413363670027,0.1186666666666667,0.10458767463673706,0.13274565869659635,30,0.006883819664988081,0.09869333333333333,0.0944552836302327,0.10293138303643395,30,0.0020721632504217585,0.7684296845821134,0.7615875412253356,0.7752718279388912,30,0.003345415700920013
record_only_10,Appeal-based selection baseline,2.2092187164780674,2.0702061683883586,2.3482312645677763,30,0.0679691635726298,0.7242666666666667,0.7087795270705933,0.7397538062627401,30,0.0075723230668238465,0.06750666666666666,0.06542973637116295,0.06958359696217037,30,0.001015499801449166,0.8239254497323856,0.820451393174442,0.8273995062903291,30,0.001698614417851341
record_only_10,Autocracy,8.384582817582046,7.3461224526355355,9.423043182528557,30,0.5077475622070661,0.044000000000000004,0.013528342479078432,0.07447165752092158,30,0.014898892962037577,0.021226666666666668,0.019377310071469613,0.023076023261863723,30,0.0009042293134714203,0.9273350807338243,0.922308161310843,0.9323620001568056,30,0.002457875301347292
record_only_10,Direct public-indicator policy,0.0,0.0,0.0,30,0.0,0.0,0.0,0.0,30,0.0,0.0,0.0,0.0,30,0.0,1.0,1.0,1.0,30,0.0
record_only_10,PKD,0.08477525221640361,0.08334447668051773,0.0862060277522895,30,0.0006995671813136413,0.0012666666666666668,0.0007301601630032644,0.0018031731703300692,30,0.00026232091135934717,0.13378000000000004,0.13181110677819685,0.13574889322180322,30,0.0009626758683929954,0.7085210322068173,0.7055957335353327,0.7114463308783019,30,0.0014303032829282565
record_only_10,Population equal mean,0.08755949703923924,0.08671960146457967,0.0883993926138988,30,0.0004106607675526109,0.05000000000000001,0.05,0.05000000000000002,30,2.5770405001214727e-18,1.0,1.0,1.0,30,1.0646223935437328e-17,0.0,0.0,0.0,30,0.0
record_only_10,Population score weighted,0.03153861800866986,0.0312183125364933,0.03185892348084642,30,0.00015661100620591303,0.05000000000000001,0.05,0.05000000000000002,30,2.5770405001214727e-18,1.0,1.0,1.0,30,1.0646223935437328e-17,0.0,0.0,0.0,30,0.0
record_only_10,Sortition,0.8696402660810049,0.8556592534574292,0.8836212787045805,30,0.006835913354451838,0.04813333333333335,0.04553196702462623,0.050734699642040464,30,0.0012719189352225942,0.19352666666666668,0.18864914738911107,0.1984041859442223,30,0.002384827198411559,0.6321792248604257,0.6264577840688925,0.6379006656519588,30,0.002797456419400882
record_only_10,Sortition + deliberation,0.9220646273134699,0.9058745880214004,0.9382546666055395,30,0.007916000706496248,0.052666666666666674,0.04896970097199981,0.056363632361333536,30,0.0018076042017520235,0.19329999999999994,0.18850233866124785,0.19809766133875203,30,0.0023457812462317137,0.6323337352048716,0.6265566878834601,0.6381107825262831,30,0.00282464482344748
record_only_10,Voter-aggregated election,0.6845776746658345,0.6562632421824087,0.7128921071492603,30,0.01384413363670027,0.1186666666666667,0.10458767463673706,0.13274565869659635,30,0.006883819664988081,0.09869333333333333,0.0944552836302327,0.10293138303643395,30,0.0020721632504217585,0.7684296845821134,0.7615875412253356,0.7752718279388912,30,0.003345415700920013
record_only_5,Appeal-based selection baseline,2.2092187164780674,2.0702061683883586,2.3482312645677763,30,0.0679691635726298,0.7242666666666667,0.7087795270705933,0.7397538062627401,30,0.0075723230668238465,0.06750666666666666,0.06542973637116295,0.06958359696217037,30,0.001015499801449166,0.8239254497323856,0.820451393174442,0.8273995062903291,30,0.001698614417851341
record_only_5,Autocracy,8.384582817582046,7.3461224526355355,9.423043182528557,30,0.5077475622070661,0.044000000000000004,0.013528342479078432,0.07447165752092158,30,0.014898892962037577,0.021226666666666668,0.019377310071469613,0.023076023261863723,30,0.0009042293134714203,0.9273350807338243,0.922308161310843,0.9323620001568056,30,0.002457875301347292
record_only_5,Direct public-indicator policy,0.0,0.0,0.0,30,0.0,0.0,0.0,0.0,30,0.0,0.0,0.0,0.0,30,0.0,1.0,1.0,1.0,30,0.0
record_only_5,PKD,0.16800688997819063,0.1635952974433391,0.17241848251304218,30,0.0021570157423746704,0.001066666666666667,0.0003948695275751866,0.0017384638057581473,30,0.0003284702730941013,0.09152,0.08831679639973444,0.09472320360026557,30,0.0015661828551073414,0.7792368125267182,0.7738114449944096,0.7846621800590268,30,0.0026526935755983062
record_only_5,Population equal mean,0.08755949703923924,0.08671960146457967,0.0883993926138988,30,0.0004106607675526109,0.05000000000000001,0.05,0.05000000000000002,30,2.5770405001214727e-18,1.0,1.0,1.0,30,1.0646223935437328e-17,0.0,0.0,0.0,30,0.0
record_only_5,Population score weighted,0.03153861800866986,0.0312183125364933,0.03185892348084642,30,0.00015661100620591303,0.05000000000000001,0.05,0.05000000000000002,30,2.5770405001214727e-18,1.0,1.0,1.0,30,1.0646223935437328e-17,0.0,0.0,0.0,30,0.0
record_only_5,Sortition,0.8696402660810049,0.8556592534574292,0.8836212787045805,30,0.006835913354451838,0.04813333333333335,0.04553196702462623,0.050734699642040464,30,0.0012719189352225942,0.19352666666666668,0.18864914738911107,0.1984041859442223,30,0.002384827198411559,0.6321792248604257,0.6264577840688925,0.6379006656519588,30,0.002797456419400882
record_only_5,Sortition + deliberation,0.9220646273134699,0.9058745880214004,0.9382546666055395,30,0.007916000706496248,0.052666666666666674,0.04896970097199981,0.056363632361333536,30,0.0018076042017520235,0.19329999999999994,0.18850233866124785,0.19809766133875203,30,0.0023457812462317137,0.6323337352048716,0.6265566878834601,0.6381107825262831,30,0.00282464482344748
record_only_5,Voter-aggregated election,0.6845776746658345,0.6562632421824087,0.7128921071492603,30,0.01384413363670027,0.1186666666666667,0.10458767463673706,0.13274565869659635,30,0.006883819664988081,0.09869333333333333,0.0944552836302327,0.10293138303643395,30,0.0020721632504217585,0.7684296845821134,0.7615875412253356,0.7752718279388912,30,0.003345415700920013
lottery_only_10,Appeal-based selection baseline,2.2092187164780674,2.0702061683883586,2.3482312645677763,30,0.0679691635726298,0.7242666666666667,0.7087795270705933,0.7397538062627401,30,0.0075723230668238465,0.06750666666666666,0.06542973637116295,0.06958359696217037,30,0.001015499801449166,0.8239254497323856,0.820451393174442,0.8273995062903291,30,0.001698614417851341
lottery_only_10,Autocracy,8.384582817582046,7.3461224526355355,9.423043182528557,30,0.5077475622070661,0.044000000000000004,0.013528342479078432,0.07447165752092158,30,0.014898892962037577,0.021226666666666668,0.019377310071469613,0.023076023261863723,30,0.0009042293134714203,0.9273350807338243,0.922308161310843,0.9323620001568056,30,0.002457875301347292
lottery_only_10,Direct public-indicator policy,0.0,0.0,0.0,30,0.0,0.0,0.0,0.0,30,0.0,0.0,0.0,0.0,30,0.0,1.0,1.0,1.0,30,0.0
lottery_only_10,PKD,0.2674584804247881,0.25294909088009576,0.2819678699694804,30,0.00709425936618168,0.020133333333333333,0.007515881333374084,0.03275078533329258,30,0.006169210410427139,0.31500000000000006,0.30454140964773896,0.32545859035226116,30,0.005113650876561316,0.48235451105455557,0.471494591348353,0.49321443076075816,30,0.005309877914187763
lottery_only_10,Population equal mean,0.08755949703923924,0.08671960146457967,0.0883993926138988,30,0.0004106607675526109,0.05000000000000001,0.05,0.05000000000000002,30,2.5770405001214727e-18,1.0,1.0,1.0,30,1.0646223935437328e-17,0.0,0.0,0.0,30,0.0
lottery_only_10,Population score weighted,0.03153861800866986,0.0312183125364933,0.03185892348084642,30,0.00015661100620591303,0.05000000000000001,0.05,0.05000000000000002,30,2.5770405001214727e-18,1.0,1.0,1.0,30,1.0646223935437328e-17,0.0,0.0,0.0,30,0.0
lottery_only_10,Sortition,0.8696402660810049,0.8556592534574292,0.8836212787045805,30,0.006835913354451838,0.04813333333333335,0.04553196702462623,0.050734699642040464,30,0.0012719189352225942,0.19352666666666668,0.18864914738911107,0.1984041859442223,30,0.002384827198411559,0.6321792248604257,0.6264577840688925,0.6379006656519588,30,0.002797456419400882
lottery_only_10,Sortition + deliberation,0.9220646273134699,0.9058745880214004,0.9382546666055395,30,0.007916000706496248,0.052666666666666674,0.04896970097199981,0.056363632361333536,30,0.0018076042017520235,0.19329999999999994,0.18850233866124785,0.19809766133875203,30,0.0023457812462317137,0.6323337352048716,0.6265566878834601,0.6381107825262831,30,0.00282464482344748
lottery_only_10,Voter-aggregated election,0.6845776746658345,0.6562632421824087,0.7128921071492603,30,0.01384413363670027,0.1186666666666667,0.10458767463673706,0.13274565869659635,30,0.006883819664988081,0.09869333333333333,0.0944552836302327,0.10293138303643395,30,0.0020721632504217585,0.7684296845821134,0.7615875412253356,0.7752718279388912,30,0.003345415700920013
uniform_lottery,Appeal-based selection baseline,2.2092187164780674,2.0702061683883586,2.3482312645677763,30,0.0679691635726298,0.7242666666666667,0.7087795270705933,0.7397538062627401,30,0.0075723230668238465,0.06750666666666666,0.06542973637116295,0.06958359696217037,30,0.001015499801449166,0.8239254497323856,0.820451393174442,0.8273995062903291,30,0.001698614417851341
uniform_lottery,Autocracy,8.384582817582046,7.3461224526355355,9.423043182528557,30,0.5077475622070661,0.044000000000000004,0.013528342479078432,0.07447165752092158,30,0.014898892962037577,0.021226666666666668,0.019377310071469613,0.023076023261863723,30,0.0009042293134714203,0.9273350807338243,0.922308161310843,0.9323620001568056,30,0.002457875301347292
uniform_lottery,Direct public-indicator policy,0.0,0.0,0.0,30,0.0,0.0,0.0,0.0,30,0.0,0.0,0.0,0.0,30,0.0,1.0,1.0,1.0,30,0.0
uniform_lottery,PKD,0.13393106946654504,0.13198444020955313,0.13587769872353694,30,0.0009517900664504386,0.02773333333333334,0.02478018588093463,0.030686480785732047,30,0.0014439197396529302,0.18492,0.18021013514318535,0.18962986485681466,30,0.0023028538017390303,0.6420420035182425,0.6362215389946674,0.6478624680418176,30,0.0028458733453059506
uniform_lottery,Population equal mean,0.08755949703923924,0.08671960146457967,0.0883993926138988,30,0.0004106607675526109,0.05000000000000001,0.05,0.05000000000000002,30,2.5770405001214727e-18,1.0,1.0,1.0,30,1.0646223935437328e-17,0.0,0.0,0.0,30,0.0
uniform_lottery,Population score weighted,0.03153861800866986,0.0312183125364933,0.03185892348084642,30,0.00015661100620591303,0.05000000000000001,0.05,0.05000000000000002,30,2.5770405001214727e-18,1.0,1.0,1.0,30,1.0646223935437328e-17,0.0,0.0,0.0,30,0.0
uniform_lottery,Sortition,0.8696402660810049,0.8556592534574292,0.8836212787045805,30,0.006835913354451838,0.04813333333333335,0.04553196702462623,0.050734699642040464,30,0.0012719189352225942,0.19352666666666668,0.18864914738911107,0.1984041859442223,30,0.002384827198411559,0.6321792248604257,0.6264577840688925,0.6379006656519588,30,0.002797456419400882
uniform_lottery,Sortition + deliberation,0.9220646273134699,0.9058745880214004,0.9382546666055395,30,0.007916000706496248,0.052666666666666674,0.04896970097199981,0.056363632361333536,30,0.0018076042017520235,0.19329999999999994,0.18850233866124785,0.19809766133875203,30,0.0023457812462317137,0.6323337352048716,0.6265566878834601,0.6381107825262831,30,0.00282464482344748
uniform_lottery,Voter-aggregated election,0.6845776746658345,0.6562632421824087,0.7128921071492603,30,0.01384413363670027,0.1186666666666667,0.10458767463673706,0.13274565869659635,30,0.006883819664988081,0.09869333333333333,0.0944552836302327,0.10293138303643395,30,0.0020721632504217585,0.7684296845821134,0.7615875412253356,0.7752718279388912,30,0.003345415700920013
screened_lottery,Appeal-based selection baseline,2.2092187164780674,2.0702061683883586,2.3482312645677763,30,0.0679691635726298,0.7242666666666667,0.7087795270705933,0.7397538062627401,30,0.0075723230668238465,0.06750666666666666,0.06542973637116295,0.06958359696217037,30,0.001015499801449166,0.8239254497323856,0.820451393174442,0.8273995062903291,30,0.001698614417851341
screened_lottery,Autocracy,8.384582817582046,7.3461224526355355,9.423043182528557,30,0.5077475622070661,0.044000000000000004,0.013528342479078432,0.07447165752092158,30,0.014898892962037577,0.021226666666666668,0.019377310071469613,0.023076023261863723,30,0.0009042293134714203,0.9273350807338243,0.922308161310843,0.9323620001568056,30,0.002457875301347292
screened_lottery,Direct public-indicator policy,0.0,0.0,0.0,30,0.0,0.0,0.0,0.0,30,0.0,0.0,0.0,0.0,30,0.0,1.0,1.0,1.0,30,0.0
screened_lottery,PKD,0.1444413457323584,0.1416554807736207,0.1472272106910961,30,0.0013621281939922775,0.0005333333333333335,0.0001974347637875933,0.0008692319028790736,30,0.00016423513654705065,0.2629666666666667,0.2545283811853628,0.27140495214797056,30,0.004125837660217309,0.5485082333576675,0.539534430436455,0.55748203627888,30,0.004387674976123915
screened_lottery,Population equal mean,0.08755949703923924,0.08671960146457967,0.0883993926138988,30,0.0004106607675526109,0.05000000000000001,0.05,0.05000000000000002,30,2.5770405001214727e-18,1.0,1.0,1.0,30,1.0646223935437328e-17,0.0,0.0,0.0,30,0.0
screened_lottery,Population score weighted,0.03153861800866986,0.0312183125364933,0.03185892348084642,30,0.00015661100620591303,0.05000000000000001,0.05,0.05000000000000002,30,2.5770405001214727e-18,1.0,1.0,1.0,30,1.0646223935437328e-17,0.0,0.0,0.0,30,0.0
screened_lottery,Sortition,0.8696402660810049,0.8556592534574292,0.8836212787045805,30,0.006835913354451838,0.04813333333333335,0.04553196702462623,0.050734699642040464,30,0.0012719189352225942,0.19352666666666668,0.18864914738911107,0.1984041859442223,30,0.002384827198411559,0.6321792248604257,0.6264577840688925,0.6379006656519588,30,0.002797456419400882
screened_lottery,Sortition + deliberation,0.9220646273134699,0.9058745880214004,0.9382546666055395,30,0.007916000706496248,0.052666666666666674,0.04896970097199981,0.056363632361333536,30,0.0018076042017520235,0.19329999999999994,0.18850233866124785,0.19809766133875203,30,0.0023457812462317137,0.6323337352048716,0.6265566878834601,0.6381107825262831,30,0.00282464482344748
screened_lottery,Voter-aggregated election,0.6845776746658345,0.6562632421824087,0.7128921071492603,30,0.01384413363670027,0.1186666666666667,0.10458767463673706,0.13274565869659635,30,0.006883819664988081,0.09869333333333333,0.0944552836302327,0.10293138303643395,30,0.0020721632504217585,0.7684296845821134,0.7615875412253356,0.7752718279388912,30,0.003345415700920013
equal_weights,Appeal-based selection baseline,2.2092187164780674,2.0702061683883586,2.3482312645677763,30,0.0679691635726298,0.7242666666666667,0.7087795270705933,0.7397538062627401,30,0.0075723230668238465,0.06750666666666666,0.06542973637116295,0.06958359696217037,30,0.001015499801449166,0.8239254497323856,0.820451393174442,0.8273995062903291,30,0.001698614417851341
equal_weights,Autocracy,8.384582817582046,7.3461224526355355,9.423043182528557,30,0.5077475622070661,0.044000000000000004,0.013528342479078432,0.07447165752092158,30,0.014898892962037577,0.021226666666666668,0.019377310071469613,0.023076023261863723,30,0.0009042293134714203,0.9273350807338243,0.922308161310843,0.9323620001568056,30,0.002457875301347292
equal_weights,Direct public-indicator policy,0.0,0.0,0.0,30,0.0,0.0,0.0,0.0,30,0.0,0.0,0.0,0.0,30,0.0,1.0,1.0,1.0,30,0.0
equal_weights,PKD,0.4767278779458476,0.44169944489401153,0.5117563109976836,30,0.017126894863165314,0.011066666666666667,0.0014912808808687263,0.02064205245246461,30,0.004681814495810366,0.2602866666666667,0.25283337429631964,0.2677399590370138,30,0.0036442325188358955,0.5515248776486099,0.5436486012389571,0.5594011540582627,30,0.0038510474556977554
equal_weights,Population equal mean,0.08755949703923924,0.08671960146457967,0.0883993926138988,30,0.0004106607675526109,0.05000000000000001,0.05,0.05000000000000002,30,2.5770405001214727e-18,1.0,1.0,1.0,30,1.0646223935437328e-17,0.0,0.0,0.0,30,0.0
equal_weights,Population score weighted,0.03153861800866986,0.0312183125364933,0.03185892348084642,30,0.00015661100620591303,0.05000000000000001,0.05,0.05000000000000002,30,2.5770405001214727e-18,1.0,1.0,1.0,30,1.0646223935437328e-17,0.0,0.0,0.0,30,0.0
equal_weights,Sortition,0.8696402660810049,0.8556592534574292,0.8836212787045805,30,0.006835913354451838,0.04813333333333335,0.04553196702462623,0.050734699642040464,30,0.0012719189352225942,0.19352666666666668,0.18864914738911107,0.1984041859442223,30,0.002384827198411559,0.6321792248604257,0.6264577840688925,0.6379006656519588,30,0.002797456419400882
equal_weights,Sortition + deliberation,0.9220646273134699,0.9058745880214004,0.9382546666055395,30,0.007916000706496248,0.052666666666666674,0.04896970097199981,0.056363632361333536,30,0.0018076042017520235,0.19329999999999994,0.18850233866124785,0.19809766133875203,30,0.0023457812462317137,0.6323337352048716,0.6265566878834601,0.6381107825262831,30,0.00282464482344748
equal_weights,Voter-aggregated election,0.6845776746658345,0.6562632421824087,0.7128921071492603,30,0.01384413363670027,0.1186666666666667,0.10458767463673706,0.13274565869659635,30,0.006883819664988081,0.09869333333333333,0.0944552836302327,0.10293138303643395,30,0.0020721632504217585,0.7684296845821134,0.7615875412253356,0.7752718279388912,30,0.003345415700920013
frozen_after_100,Appeal-based selection baseline,2.2092187164780674,2.0702061683883586,2.3482312645677763,30,0.0679691635726298,0.7242666666666667,0.7087795270705933,0.7397538062627401,30,0.0075723230668238465,0.06750666666666666,0.06542973637116295,0.06958359696217037,30,0.001015499801449166,0.8239254497323856,0.820451393174442,0.8273995062903291,30,0.001698614417851341
frozen_after_100,Autocracy,8.384582817582046,7.3461224526355355,9.423043182528557,30,0.5077475622070661,0.044000000000000004,0.013528342479078432,0.07447165752092158,30,0.014898892962037577,0.021226666666666668,0.019377310071469613,0.023076023261863723,30,0.0009042293134714203,0.9273350807338243,0.922308161310843,0.9323620001568056,30,0.002457875301347292
frozen_after_100,Direct public-indicator policy,0.0,0.0,0.0,30,0.0,0.0,0.0,0.0,30,0.0,0.0,0.0,0.0,30,0.0,1.0,1.0,1.0,30,0.0
frozen_after_100,PKD,0.13457419541413176,0.13148140792543334,0.1376669829028302,30,0.0015121957089734722,0.011000000000000001,0.0013744997532504494,0.020625500246749553,30,0.004706317593124834,0.26043333333333335,0.25186275527982954,0.26900391138683716,30,0.004190521140974021,0.5511586557325637,0.5415051424200137,0.5608121690451138,30,0.004720014375737091
frozen_after_100,Population equal mean,0.08755949703923924,0.08671960146457967,0.0883993926138988,30,0.0004106607675526109,0.05000000000000001,0.05,0.05000000000000002,30,2.5770405001214727e-18,1.0,1.0,1.0,30,1.0646223935437328e-17,0.0,0.0,0.0,30,0.0
frozen_after_100,Population score weighted,0.03151389404663799,0.03117881517189232,0.03184897292138367,30,0.0001638343527997495,0.05000000000000001,0.05,0.05000000000000002,30,2.5770405001214727e-18,1.0,1.0,1.0,30,1.0646223935437328e-17,0.0,0.0,0.0,30,0.0
frozen_after_100,Sortition,0.8696402660810049,0.8556592534574292,0.8836212787045805,30,0.006835913354451838,0.04813333333333335,0.04553196702462623,0.050734699642040464,30,0.0012719189352225942,0.19352666666666668,0.18864914738911107,0.1984041859442223,30,0.002384827198411559,0.6321792248604257,0.6264577840688925,0.6379006656519588,30,0.002797456419400882
frozen_after_100,Sortition + deliberation,0.9220646273134699,0.9058745880214004,0.9382546666055395,30,0.007916000706496248,0.052666666666666674,0.04896970097199981,0.056363632361333536,30,0.0018076042017520235,0.19329999999999994,0.18850233866124785,0.19809766133875203,30,0.0023457812462317137,0.6323337352048716,0.6265566878834601,0.6381107825262831,30,0.00282464482344748
frozen_after_100,Voter-aggregated election,0.8164544719333791,0.7820458412544419,0.8508631026123162,30,0.01682384704881201,0.17760000000000004,0.16049523839413435,0.19470476160586572,30,0.008363247458133534,0.09726666666666664,0.09311107484837229,0.10142225848496099,30,0.0020318460737548377,0.7709253854328206,0.7641738710327588,0.7776768998328825,30,0.0033011033387045897
election_weight_0,Appeal-based selection baseline,2.2092187164780674,2.0702061683883586,2.3482312645677763,30,0.0679691635726298,0.7242666666666667,0.7087795270705933,0.7397538062627401,30,0.0075723230668238465,0.06750666666666666,0.06542973637116295,0.06958359696217037,30,0.001015499801449166,0.8239254497323856,0.820451393174442,0.8273995062903291,30,0.001698614417851341
election_weight_0,Autocracy,8.384582817582046,7.3461224526355355,9.423043182528557,30,0.5077475622070661,0.044000000000000004,0.013528342479078432,0.07447165752092158,30,0.014898892962037577,0.021226666666666668,0.019377310071469613,0.023076023261863723,30,0.0009042293134714203,0.9273350807338243,0.922308161310843,0.9323620001568056,30,0.002457875301347292
election_weight_0,Direct public-indicator policy,0.0,0.0,0.0,30,0.0,0.0,0.0,0.0,30,0.0,0.0,0.0,0.0,30,0.0,1.0,1.0,1.0,30,0.0
election_weight_0,PKD,0.13442683656310167,0.1316209221333567,0.13723275099284665,30,0.0013719312354670578,0.011066666666666667,0.0014912808808687263,0.02064205245246461,30,0.004681814495810366,0.2602866666666667,0.25283337429631964,0.2677399590370138,30,0.0036442325188358955,0.5515248776486099,0.5436486012389571,0.5594011540582627,30,0.0038510474556977554
election_weight_0,Population equal mean,0.08755949703923924,0.08671960146457967,0.0883993926138988,30,0.0004106607675526109,0.05000000000000001,0.05,0.05000000000000002,30,2.5770405001214727e-18,1.0,1.0,1.0,30,1.0646223935437328e-17,0.0,0.0,0.0,30,0.0
election_weight_0,Population score weighted,0.03153861800866986,0.0312183125364933,0.03185892348084642,30,0.00015661100620591303,0.05000000000000001,0.05,0.05000000000000002,30,2.5770405001214727e-18,1.0,1.0,1.0,30,1.0646223935437328e-17,0.0,0.0,0.0,30,0.0
election_weight_0,Sortition,0.8696402660810049,0.8556592534574292,0.8836212787045805,30,0.006835913354451838,0.04813333333333335,0.04553196702462623,0.050734699642040464,30,0.0012719189352225942,0.19352666666666668,0.18864914738911107,0.1984041859442223,30,0.002384827198411559,0.6321792248604257,0.6264577840688925,0.6379006656519588,30,0.002797456419400882
election_weight_0,Sortition + deliberation,0.9220646273134699,0.9058745880214004,0.9382546666055395,30,0.007916000706496248,0.052666666666666674,0.04896970097199981,0.056363632361333536,30,0.0018076042017520235,0.19329999999999994,0.18850233866124785,0.19809766133875203,30,0.0023457812462317137,0.6323337352048716,0.6265566878834601,0.6381107825262831,30,0.00282464482344748
election_weight_0,Voter-aggregated election,1.6609108287566714,1.6010061581994,1.7208154993139428,30,0.029289948337930704,0.3970666666666667,0.3829571092298698,0.41117622410346355,30,0.006898764396003885,0.08485333333333332,0.08137632217523032,0.08833034449143633,30,0.0017000590478814326,0.7926137255063079,0.7867101604412223,0.7985172905713935,30,0.0028865047442445196
election_weight_0.25,Appeal-based selection baseline,2.2092187164780674,2.0702061683883586,2.3482312645677763,30,0.0679691635726298,0.7242666666666667,0.7087795270705933,0.7397538062627401,30,0.0075723230668238465,0.06750666666666666,0.06542973637116295,0.06958359696217037,30,0.001015499801449166,0.8239254497323856,0.820451393174442,0.8273995062903291,30,0.001698614417851341
election_weight_0.25,Autocracy,8.384582817582046,7.3461224526355355,9.423043182528557,30,0.5077475622070661,0.044000000000000004,0.013528342479078432,0.07447165752092158,30,0.014898892962037577,0.021226666666666668,0.019377310071469613,0.023076023261863723,30,0.0009042293134714203,0.9273350807338243,0.922308161310843,0.9323620001568056,30,0.002457875301347292
election_weight_0.25,Direct public-indicator policy,0.0,0.0,0.0,30,0.0,0.0,0.0,0.0,30,0.0,0.0,0.0,0.0,30,0.0,1.0,1.0,1.0,30,0.0
election_weight_0.25,PKD,0.13442683656310167,0.1316209221333567,0.13723275099284665,30,0.0013719312354670578,0.011066666666666667,0.0014912808808687263,0.02064205245246461,30,0.004681814495810366,0.2602866666666667,0.25283337429631964,0.2677399590370138,30,0.0036442325188358955,0.5515248776486099,0.5436486012389571,0.5594011540582627,30,0.0038510474556977554
election_weight_0.25,Population equal mean,0.08755949703923924,0.08671960146457967,0.0883993926138988,30,0.0004106607675526109,0.05000000000000001,0.05,0.05000000000000002,30,2.5770405001214727e-18,1.0,1.0,1.0,30,1.0646223935437328e-17,0.0,0.0,0.0,30,0.0
election_weight_0.25,Population score weighted,0.03153861800866986,0.0312183125364933,0.03185892348084642,30,0.00015661100620591303,0.05000000000000001,0.05,0.05000000000000002,30,2.5770405001214727e-18,1.0,1.0,1.0,30,1.0646223935437328e-17,0.0,0.0,0.0,30,0.0
election_weight_0.25,Sortition,0.8696402660810049,0.8556592534574292,0.8836212787045805,30,0.006835913354451838,0.04813333333333335,0.04553196702462623,0.050734699642040464,30,0.0012719189352225942,0.19352666666666668,0.18864914738911107,0.1984041859442223,30,0.002384827198411559,0.6321792248604257,0.6264577840688925,0.6379006656519588,30,0.002797456419400882
election_weight_0.25,Sortition + deliberation,0.9220646273134699,0.9058745880214004,0.9382546666055395,30,0.007916000706496248,0.052666666666666674,0.04896970097199981,0.056363632361333536,30,0.0018076042017520235,0.19329999999999994,0.18850233866124785,0.19809766133875203,30,0.0023457812462317137,0.6323337352048716,0.6265566878834601,0.6381107825262831,30,0.00282464482344748
election_weight_0.25,Voter-aggregated election,0.5920851323956792,0.5588988610326833,0.6252714037586751,30,0.01622618344627076,0.13653333333333337,0.12160876673575602,0.15145789993091072,30,0.007297257134418639,0.09612,0.09196291515317916,0.10027708484682084,30,0.0020325760790783154,0.7727445047243261,0.7662201344023282,0.779268875046324,30,0.0031900429113644853
election_weight_0.5,Appeal-based selection baseline,2.2092187164780674,2.0702061683883586,2.3482312645677763,30,0.0679691635726298,0.7242666666666667,0.7087795270705933,0.7397538062627401,30,0.0075723230668238465,0.06750666666666666,0.06542973637116295,0.06958359696217037,30,0.001015499801449166,0.8239254497323856,0.820451393174442,0.8273995062903291,30,0.001698614417851341
election_weight_0.5,Autocracy,8.384582817582046,7.3461224526355355,9.423043182528557,30,0.5077475622070661,0.044000000000000004,0.013528342479078432,0.07447165752092158,30,0.014898892962037577,0.021226666666666668,0.019377310071469613,0.023076023261863723,30,0.0009042293134714203,0.9273350807338243,0.922308161310843,0.9323620001568056,30,0.002457875301347292
election_weight_0.5,Direct public-indicator policy,0.0,0.0,0.0,30,0.0,0.0,0.0,0.0,30,0.0,0.0,0.0,0.0,30,0.0,1.0,1.0,1.0,30,0.0
election_weight_0.5,PKD,0.13442683656310167,0.1316209221333567,0.13723275099284665,30,0.0013719312354670578,0.011066666666666667,0.0014912808808687263,0.02064205245246461,30,0.004681814495810366,0.2602866666666667,0.25283337429631964,0.2677399590370138,30,0.0036442325188358955,0.5515248776486099,0.5436486012389571,0.5594011540582627,30,0.0038510474556977554
election_weight_0.5,Population equal mean,0.08755949703923924,0.08671960146457967,0.0883993926138988,30,0.0004106607675526109,0.05000000000000001,0.05,0.05000000000000002,30,2.5770405001214727e-18,1.0,1.0,1.0,30,1.0646223935437328e-17,0.0,0.0,0.0,30,0.0
election_weight_0.5,Population score weighted,0.03153861800866986,0.0312183125364933,0.03185892348084642,30,0.00015661100620591303,0.05000000000000001,0.05,0.05000000000000002,30,2.5770405001214727e-18,1.0,1.0,1.0,30,1.0646223935437328e-17,0.0,0.0,0.0,30,0.0
election_weight_0.5,Sortition,0.8696402660810049,0.8556592534574292,0.8836212787045805,30,0.006835913354451838,0.04813333333333335,0.04553196702462623,0.050734699642040464,30,0.0012719189352225942,0.19352666666666668,0.18864914738911107,0.1984041859442223,30,0.002384827198411559,0.6321792248604257,0.6264577840688925,0.6379006656519588,30,0.002797456419400882
election_weight_0.5,Sortition + deliberation,0.9220646273134699,0.9058745880214004,0.9382546666055395,30,0.007916000706496248,0.052666666666666674,0.04896970097199981,0.056363632361333536,30,0.0018076042017520235,0.19329999999999994,0.18850233866124785,0.19809766133875203,30,0.0023457812462317137,0.6323337352048716,0.6265566878834601,0.6381107825262831,30,0.00282464482344748
election_weight_0.5,Voter-aggregated election,0.2668936934595042,0.258372497614867,0.2754148893041414,30,0.004166376072934051,0.016000000000000004,0.013064707027488735,0.018935292972511272,30,0.0014351899229518468,0.09494666666666667,0.0908050935229193,0.09908823981041404,30,0.002024991745879777,0.7742000220889066,0.7675279718593984,0.7808720723184148,30,0.0032622499166161437
election_weight_0.75,Appeal-based selection baseline,2.2092187164780674,2.0702061683883586,2.3482312645677763,30,0.0679691635726298,0.7242666666666667,0.7087795270705933,0.7397538062627401,30,0.0075723230668238465,0.06750666666666666,0.06542973637116295,0.06958359696217037,30,0.001015499801449166,0.8239254497323856,0.820451393174442,0.8273995062903291,30,0.001698614417851341
election_weight_0.75,Autocracy,8.384582817582046,7.3461224526355355,9.423043182528557,30,0.5077475622070661,0.044000000000000004,0.013528342479078432,0.07447165752092158,30,0.014898892962037577,0.021226666666666668,0.019377310071469613,0.023076023261863723,30,0.0009042293134714203,0.9273350807338243,0.922308161310843,0.9323620001568056,30,0.002457875301347292
election_weight_0.75,Direct public-indicator policy,0.0,0.0,0.0,30,0.0,0.0,0.0,0.0,30,0.0,0.0,0.0,0.0,30,0.0,1.0,1.0,1.0,30,0.0
election_weight_0.75,PKD,0.13442683656310167,0.1316209221333567,0.13723275099284665,30,0.0013719312354670578,0.011066666666666667,0.0014912808808687263,0.02064205245246461,30,0.004681814495810366,0.2602866666666667,0.25283337429631964,0.2677399590370138,30,0.0036442325188358955,0.5515248776486099,0.5436486012389571,0.5594011540582627,30,0.0038510474556977554
election_weight_0.75,Population equal mean,0.08755949703923924,0.08671960146457967,0.0883993926138988,30,0.0004106607675526109,0.05000000000000001,0.05,0.05000000000000002,30,2.5770405001214727e-18,1.0,1.0,1.0,30,1.0646223935437328e-17,0.0,0.0,0.0,30,0.0
election_weight_0.75,Population score weighted,0.03153861800866986,0.0312183125364933,0.03185892348084642,30,0.00015661100620591303,0.05000000000000001,0.05,0.05000000000000002,30,2.5770405001214727e-18,1.0,1.0,1.0,30,1.0646223935437328e-17,0.0,0.0,0.0,30,0.0
election_weight_0.75,Sortition,0.8696402660810049,0.8556592534574292,0.8836212787045805,30,0.006835913354451838,0.04813333333333335,0.04553196702462623,0.050734699642040464,30,0.0012719189352225942,0.19352666666666668,0.18864914738911107,0.1984041859442223,30,0.002384827198411559,0.6321792248604257,0.6264577840688925,0.6379006656519588,30,0.002797456419400882
election_weight_0.75,Sortition + deliberation,0.9220646273134699,0.9058745880214004,0.9382546666055395,30,0.007916000706496248,0.052666666666666674,0.04896970097199981,0.056363632361333536,30,0.0018076042017520235,0.19329999999999994,0.18850233866124785,0.19809766133875203,30,0.0023457812462317137,0.6323337352048716,0.6265566878834601,0.6381107825262831,30,0.00282464482344748
election_weight_0.75,Voter-aggregated election,0.2121028814198529,0.20456831519151597,0.21963744764818982,30,0.003683970774294129,0.010400000000000001,0.0077804609878782995,0.013019539012121703,30,0.0012808043449781636,0.09174666666666666,0.08809742097857015,0.09539591235476316,30,0.0017842718553067656,0.7791631051925351,0.7730557784267359,0.7852704319583342,30,0.002986132530052067
election_weight_1,Appeal-based selection baseline,2.2092187164780674,2.0702061683883586,2.3482312645677763,30,0.0679691635726298,0.7242666666666667,0.7087795270705933,0.7397538062627401,30,0.0075723230668238465,0.06750666666666666,0.06542973637116295,0.06958359696217037,30,0.001015499801449166,0.8239254497323856,0.820451393174442,0.8273995062903291,30,0.001698614417851341
election_weight_1,Autocracy,8.384582817582046,7.3461224526355355,9.423043182528557,30,0.5077475622070661,0.044000000000000004,0.013528342479078432,0.07447165752092158,30,0.014898892962037577,0.021226666666666668,0.019377310071469613,0.023076023261863723,30,0.0009042293134714203,0.9273350807338243,0.922308161310843,0.9323620001568056,30,0.002457875301347292
election_weight_1,Direct public-indicator policy,0.0,0.0,0.0,30,0.0,0.0,0.0,0.0,30,0.0,0.0,0.0,0.0,30,0.0,1.0,1.0,1.0,30,0.0
election_weight_1,PKD,0.13442683656310167,0.1316209221333567,0.13723275099284665,30,0.0013719312354670578,0.011066666666666667,0.0014912808808687263,0.02064205245246461,30,0.004681814495810366,0.2602866666666667,0.25283337429631964,0.2677399590370138,30,0.0036442325188358955,0.5515248776486099,0.5436486012389571,0.5594011540582627,30,0.0038510474556977554
election_weight_1,Population equal mean,0.08755949703923924,0.08671960146457967,0.0883993926138988,30,0.0004106607675526109,0.05000000000000001,0.05,0.05000000000000002,30,2.5770405001214727e-18,1.0,1.0,1.0,30,1.0646223935437328e-17,0.0,0.0,0.0,30,0.0
election_weight_1,Population score weighted,0.03153861800866986,0.0312183125364933,0.03185892348084642,30,0.00015661100620591303,0.05000000000000001,0.05,0.05000000000000002,30,2.5770405001214727e-18,1.0,1.0,1.0,30,1.0646223935437328e-17,0.0,0.0,0.0,30,0.0
election_weight_1,Sortition,0.8696402660810049,0.8556592534574292,0.8836212787045805,30,0.006835913354451838,0.04813333333333335,0.04553196702462623,0.050734699642040464,30,0.0012719189352225942,0.19352666666666668,0.18864914738911107,0.1984041859442223,30,0.002384827198411559,0.6321792248604257,0.6264577840688925,0.6379006656519588,30,0.002797456419400882
election_weight_1,Sortition + deliberation,0.9220646273134699,0.9058745880214004,0.9382546666055395,30,0.007916000706496248,0.052666666666666674,0.04896970097199981,0.056363632361333536,30,0.0018076042017520235,0.19329999999999994,0.18850233866124785,0.19809766133875203,30,0.0023457812462317137,0.6323337352048716,0.6265566878834601,0.6381107825262831,30,0.00282464482344748
election_weight_1,Voter-aggregated election,0.22514602785809007,0.21164888223837725,0.2386431734778029,30,0.006599330139591766,0.0016000000000000003,0.00038467324785419776,0.002815326752145803,30,0.0005942250821665661,0.09163999999999997,0.08823574027152452,0.09504425972847542,30,0.0016644877711265665,0.7790937752476642,0.7733772123298036,0.7848103381655248,30,0.0027950714189236897
electoral_information_noise_0.25,Appeal-based selection baseline,2.2092187164780674,2.0702061683883586,2.3482312645677763,30,0.0679691635726298,0.7242666666666667,0.7087795270705933,0.7397538062627401,30,0.0075723230668238465,0.06750666666666666,0.06542973637116295,0.06958359696217037,30,0.001015499801449166,0.8239254497323856,0.820451393174442,0.8273995062903291,30,0.001698614417851341
electoral_information_noise_0.25,Autocracy,8.384582817582046,7.3461224526355355,9.423043182528557,30,0.5077475622070661,0.044000000000000004,0.013528342479078432,0.07447165752092158,30,0.014898892962037577,0.021226666666666668,0.019377310071469613,0.023076023261863723,30,0.0009042293134714203,0.9273350807338243,0.922308161310843,0.9323620001568056,30,0.002457875301347292
electoral_information_noise_0.25,Direct public-indicator policy,0.0,0.0,0.0,30,0.0,0.0,0.0,0.0,30,0.0,0.0,0.0,0.0,30,0.0,1.0,1.0,1.0,30,0.0
electoral_information_noise_0.25,PKD,0.13442683656310167,0.1316209221333567,0.13723275099284665,30,0.0013719312354670578,0.011066666666666667,0.0014912808808687263,0.02064205245246461,30,0.004681814495810366,0.2602866666666667,0.25283337429631964,0.2677399590370138,30,0.0036442325188358955,0.5515248776486099,0.5436486012389571,0.5594011540582627,30,0.0038510474556977554
electoral_information_noise_0.25,Population equal mean,0.08755949703923924,0.08671960146457967,0.0883993926138988,30,0.0004106607675526109,0.05000000000000001,0.05,0.05000000000000002,30,2.5770405001214727e-18,1.0,1.0,1.0,30,1.0646223935437328e-17,0.0,0.0,0.0,30,0.0
electoral_information_noise_0.25,Population score weighted,0.03153861800866986,0.0312183125364933,0.03185892348084642,30,0.00015661100620591303,0.05000000000000001,0.05,0.05000000000000002,30,2.5770405001214727e-18,1.0,1.0,1.0,30,1.0646223935437328e-17,0.0,0.0,0.0,30,0.0
electoral_information_noise_0.25,Sortition,0.8696402660810049,0.8556592534574292,0.8836212787045805,30,0.006835913354451838,0.04813333333333335,0.04553196702462623,0.050734699642040464,30,0.0012719189352225942,0.19352666666666668,0.18864914738911107,0.1984041859442223,30,0.002384827198411559,0.6321792248604257,0.6264577840688925,0.6379006656519588,30,0.002797456419400882
electoral_information_noise_0.25,Sortition + deliberation,0.9220646273134699,0.9058745880214004,0.9382546666055395,30,0.007916000706496248,0.052666666666666674,0.04896970097199981,0.056363632361333536,30,0.0018076042017520235,0.19329999999999994,0.18850233866124785,0.19809766133875203,30,0.0023457812462317137,0.6323337352048716,0.6265566878834601,0.6381107825262831,30,0.00282464482344748
electoral_information_noise_0.25,Voter-aggregated election,0.3208996250863953,0.3097947442668504,0.3320045059059402,30,0.005429649849962599,0.003200000000000001,0.0015174562998971604,0.004882543700102842,30,0.0008226673745782086,0.10046666666666666,0.09603168082437731,0.10490165250895601,30,0.0021684537280931833,0.7649097838892563,0.7579133271357703,0.7719062406427424,30,0.0034208661019553667
electoral_information_noise_1,Appeal-based selection baseline,2.2092187164780674,2.0702061683883586,2.3482312645677763,30,0.0679691635726298,0.7242666666666667,0.7087795270705933,0.7397538062627401,30,0.0075723230668238465,0.06750666666666666,0.06542973637116295,0.06958359696217037,30,0.001015499801449166,0.8239254497323856,0.820451393174442,0.8273995062903291,30,0.001698614417851341
electoral_information_noise_1,Autocracy,8.384582817582046,7.3461224526355355,9.423043182528557,30,0.5077475622070661,0.044000000000000004,0.013528342479078432,0.07447165752092158,30,0.014898892962037577,0.021226666666666668,0.019377310071469613,0.023076023261863723,30,0.0009042293134714203,0.9273350807338243,0.922308161310843,0.9323620001568056,30,0.002457875301347292
electoral_information_noise_1,Direct public-indicator policy,0.0,0.0,0.0,30,0.0,0.0,0.0,0.0,30,0.0,0.0,0.0,0.0,30,0.0,1.0,1.0,1.0,30,0.0
electoral_information_noise_1,PKD,0.13442683656310167,0.1316209221333567,0.13723275099284665,30,0.0013719312354670578,0.011066666666666667,0.0014912808808687263,0.02064205245246461,30,0.004681814495810366,0.2602866666666667,0.25283337429631964,0.2677399590370138,30,0.0036442325188358955,0.5515248776486099,0.5436486012389571,0.5594011540582627,30,0.0038510474556977554
electoral_information_noise_1,Population equal mean,0.08755949703923924,0.08671960146457967,0.0883993926138988,30,0.0004106607675526109,0.05000000000000001,0.05,0.05000000000000002,30,2.5770405001214727e-18,1.0,1.0,1.0,30,1.0646223935437328e-17,0.0,0.0,0.0,30,0.0
electoral_information_noise_1,Population score weighted,0.03153861800866986,0.0312183125364933,0.03185892348084642,30,0.00015661100620591303,0.05000000000000001,0.05,0.05000000000000002,30,2.5770405001214727e-18,1.0,1.0,1.0,30,1.0646223935437328e-17,0.0,0.0,0.0,30,0.0
electoral_information_noise_1,Sortition,0.8696402660810049,0.8556592534574292,0.8836212787045805,30,0.006835913354451838,0.04813333333333335,0.04553196702462623,0.050734699642040464,30,0.0012719189352225942,0.19352666666666668,0.18864914738911107,0.1984041859442223,30,0.002384827198411559,0.6321792248604257,0.6264577840688925,0.6379006656519588,30,0.002797456419400882
electoral_information_noise_1,Sortition + deliberation,0.9220646273134699,0.9058745880214004,0.9382546666055395,30,0.007916000706496248,0.052666666666666674,0.04896970097199981,0.056363632361333536,30,0.0018076042017520235,0.19329999999999994,0.18850233866124785,0.19809766133875203,30,0.0023457812462317137,0.6323337352048716,0.6265566878834601,0.6381107825262831,30,0.00282464482344748
electoral_information_noise_1,Voter-aggregated election,0.4833261362725085,0.46817449822777674,0.4984777743172402,30,0.007408282049409411,0.013333333333333338,0.010261442871551561,0.016405223795115116,30,0.0015019782612667896,0.10407999999999998,0.09970679341512335,0.1084532065848766,30,0.002138247214291483,0.7592514740657311,0.7524637891846064,0.7660391589468558,30,0.0033187886295480717
electoral_information_noise_2,Appeal-based selection baseline,2.2092187164780674,2.0702061683883586,2.3482312645677763,30,0.0679691635726298,0.7242666666666667,0.7087795270705933,0.7397538062627401,30,0.0075723230668238465,0.06750666666666666,0.06542973637116295,0.06958359696217037,30,0.001015499801449166,0.8239254497323856,0.820451393174442,0.8273995062903291,30,0.001698614417851341
electoral_information_noise_2,Autocracy,8.384582817582046,7.3461224526355355,9.423043182528557,30,0.5077475622070661,0.044000000000000004,0.013528342479078432,0.07447165752092158,30,0.014898892962037577,0.021226666666666668,0.019377310071469613,0.023076023261863723,30,0.0009042293134714203,0.9273350807338243,0.922308161310843,0.9323620001568056,30,0.002457875301347292
electoral_information_noise_2,Direct public-indicator policy,0.0,0.0,0.0,30,0.0,0.0,0.0,0.0,30,0.0,0.0,0.0,0.0,30,0.0,1.0,1.0,1.0,30,0.0
electoral_information_noise_2,PKD,0.13442683656310167,0.1316209221333567,0.13723275099284665,30,0.0013719312354670578,0.011066666666666667,0.0014912808808687263,0.02064205245246461,30,0.004681814495810366,0.2602866666666667,0.25283337429631964,0.2677399590370138,30,0.0036442325188358955,0.5515248776486099,0.5436486012389571,0.5594011540582627,30,0.0038510474556977554
electoral_information_noise_2,Population equal mean,0.08755949703923924,0.08671960146457967,0.0883993926138988,30,0.0004106607675526109,0.05000000000000001,0.05,0.05000000000000002,30,2.5770405001214727e-18,1.0,1.0,1.0,30,1.0646223935437328e-17,0.0,0.0,0.0,30,0.0
electoral_information_noise_2,Population score weighted,0.03153861800866986,0.0312183125364933,0.03185892348084642,30,0.00015661100620591303,0.05000000000000001,0.05,0.05000000000000002,30,2.5770405001214727e-18,1.0,1.0,1.0,30,1.0646223935437328e-17,0.0,0.0,0.0,30,0.0
electoral_information_noise_2,Sortition,0.8696402660810049,0.8556592534574292,0.8836212787045805,30,0.006835913354451838,0.04813333333333335,0.04553196702462623,0.050734699642040464,30,0.0012719189352225942,0.19352666666666668,0.18864914738911107,0.1984041859442223,30,0.002384827198411559,0.6321792248604257,0.6264577840688925,0.6379006656519588,30,0.002797456419400882
electoral_information_noise_2,Sortition + deliberation,0.9220646273134699,0.9058745880214004,0.9382546666055395,30,0.007916000706496248,0.052666666666666674,0.04896970097199981,0.056363632361333536,30,0.0018076042017520235,0.19329999999999994,0.18850233866124785,0.19809766133875203,30,0.0023457812462317137,0.6323337352048716,0.6265566878834601,0.6381107825262831,30,0.00282464482344748
electoral_information_noise_2,Voter-aggregated election,0.7335018410165027,0.6991322846268357,0.7678713974061697,30,0.016804741962290086,0.024266666666666672,0.020384960033863815,0.02814837329946953,30,0.0018979319255099044,0.10361333333333332,0.09966459598256679,0.10756207068409986,30,0.0019307061023469746,0.7600652647082977,0.7539151850670112,0.7662153443495843,30,0.0030070362342653105
electoral_media_amplification_0.25,Appeal-based selection baseline,2.2092187164780674,2.0702061683883586,2.3482312645677763,30,0.0679691635726298,0.7242666666666667,0.7087795270705933,0.7397538062627401,30,0.0075723230668238465,0.06750666666666666,0.06542973637116295,0.06958359696217037,30,0.001015499801449166,0.8239254497323856,0.820451393174442,0.8273995062903291,30,0.001698614417851341
electoral_media_amplification_0.25,Autocracy,8.384582817582046,7.3461224526355355,9.423043182528557,30,0.5077475622070661,0.044000000000000004,0.013528342479078432,0.07447165752092158,30,0.014898892962037577,0.021226666666666668,0.019377310071469613,0.023076023261863723,30,0.0009042293134714203,0.9273350807338243,0.922308161310843,0.9323620001568056,30,0.002457875301347292
electoral_media_amplification_0.25,Direct public-indicator policy,0.0,0.0,0.0,30,0.0,0.0,0.0,0.0,30,0.0,0.0,0.0,0.0,30,0.0,1.0,1.0,1.0,30,0.0
electoral_media_amplification_0.25,PKD,0.13442683656310167,0.1316209221333567,0.13723275099284665,30,0.0013719312354670578,0.011066666666666667,0.0014912808808687263,0.02064205245246461,30,0.004681814495810366,0.2602866666666667,0.25283337429631964,0.2677399590370138,30,0.0036442325188358955,0.5515248776486099,0.5436486012389571,0.5594011540582627,30,0.0038510474556977554
electoral_media_amplification_0.25,Population equal mean,0.08755949703923924,0.08671960146457967,0.0883993926138988,30,0.0004106607675526109,0.05000000000000001,0.05,0.05000000000000002,30,2.5770405001214727e-18,1.0,1.0,1.0,30,1.0646223935437328e-17,0.0,0.0,0.0,30,0.0
electoral_media_amplification_0.25,Population score weighted,0.03153861800866986,0.0312183125364933,0.03185892348084642,30,0.00015661100620591303,0.05000000000000001,0.05,0.05000000000000002,30,2.5770405001214727e-18,1.0,1.0,1.0,30,1.0646223935437328e-17,0.0,0.0,0.0,30,0.0
electoral_media_amplification_0.25,Sortition,0.8696402660810049,0.8556592534574292,0.8836212787045805,30,0.006835913354451838,0.04813333333333335,0.04553196702462623,0.050734699642040464,30,0.0012719189352225942,0.19352666666666668,0.18864914738911107,0.1984041859442223,30,0.002384827198411559,0.6321792248604257,0.6264577840688925,0.6379006656519588,30,0.002797456419400882
electoral_media_amplification_0.25,Sortition + deliberation,0.9220646273134699,0.9058745880214004,0.9382546666055395,30,0.007916000706496248,0.052666666666666674,0.04896970097199981,0.056363632361333536,30,0.0018076042017520235,0.19329999999999994,0.18850233866124785,0.19809766133875203,30,0.0023457812462317137,0.6323337352048716,0.6265566878834601,0.6381107825262831,30,0.00282464482344748
electoral_media_amplification_0.25,Voter-aggregated election,0.3298205799530534,0.3155451781920298,0.344095981714077,30,0.0069798527592909426,0.0058666666666666685,0.0035219292889270733,0.008211404044406264,30,0.0011464421057845483,0.10057333333333335,0.09588429331493982,0.10526237335172688,30,0.0022926716500666112,0.7647823687089621,0.757225895098951,0.7723388423189732,30,0.003694682227532886
electoral_media_amplification_1,Appeal-based selection baseline,2.2092187164780674,2.0702061683883586,2.3482312645677763,30,0.0679691635726298,0.7242666666666667,0.7087795270705933,0.7397538062627401,30,0.0075723230668238465,0.06750666666666666,0.06542973637116295,0.06958359696217037,30,0.001015499801449166,0.8239254497323856,0.820451393174442,0.8273995062903291,30,0.001698614417851341
electoral_media_amplification_1,Autocracy,8.384582817582046,7.3461224526355355,9.423043182528557,30,0.5077475622070661,0.044000000000000004,0.013528342479078432,0.07447165752092158,30,0.014898892962037577,0.021226666666666668,0.019377310071469613,0.023076023261863723,30,0.0009042293134714203,0.9273350807338243,0.922308161310843,0.9323620001568056,30,0.002457875301347292
electoral_media_amplification_1,Direct public-indicator policy,0.0,0.0,0.0,30,0.0,0.0,0.0,0.0,30,0.0,0.0,0.0,0.0,30,0.0,1.0,1.0,1.0,30,0.0
electoral_media_amplification_1,PKD,0.13442683656310167,0.1316209221333567,0.13723275099284665,30,0.0013719312354670578,0.011066666666666667,0.0014912808808687263,0.02064205245246461,30,0.004681814495810366,0.2602866666666667,0.25283337429631964,0.2677399590370138,30,0.0036442325188358955,0.5515248776486099,0.5436486012389571,0.5594011540582627,30,0.0038510474556977554
electoral_media_amplification_1,Population equal mean,0.08755949703923924,0.08671960146457967,0.0883993926138988,30,0.0004106607675526109,0.05000000000000001,0.05,0.05000000000000002,30,2.5770405001214727e-18,1.0,1.0,1.0,30,1.0646223935437328e-17,0.0,0.0,0.0,30,0.0
electoral_media_amplification_1,Population score weighted,0.03153861800866986,0.0312183125364933,0.03185892348084642,30,0.00015661100620591303,0.05000000000000001,0.05,0.05000000000000002,30,2.5770405001214727e-18,1.0,1.0,1.0,30,1.0646223935437328e-17,0.0,0.0,0.0,30,0.0
electoral_media_amplification_1,Sortition,0.8696402660810049,0.8556592534574292,0.8836212787045805,30,0.006835913354451838,0.04813333333333335,0.04553196702462623,0.050734699642040464,30,0.0012719189352225942,0.19352666666666668,0.18864914738911107,0.1984041859442223,30,0.002384827198411559,0.6321792248604257,0.6264577840688925,0.6379006656519588,30,0.002797456419400882
electoral_media_amplification_1,Sortition + deliberation,0.9220646273134699,0.9058745880214004,0.9382546666055395,30,0.007916000706496248,0.052666666666666674,0.04896970097199981,0.056363632361333536,30,0.0018076042017520235,0.19329999999999994,0.18850233866124785,0.19809766133875203,30,0.0023457812462317137,0.6323337352048716,0.6265566878834601,0.6381107825262831,30,0.00282464482344748
electoral_media_amplification_1,Voter-aggregated election,0.47029201201820775,0.44684756105851786,0.49373646297789764,30,0.011462991967612355,0.016000000000000004,0.009626772744657952,0.022373227255342056,30,0.003116142619904649,0.10271999999999999,0.09755524855436234,0.10788475144563764,30,0.0025252672556867486,0.7615842396450543,0.7533009785878287,0.7698675007022798,30,0.004050039607575789
electoral_media_amplification_2,Appeal-based selection baseline,2.2092187164780674,2.0702061683883586,2.3482312645677763,30,0.0679691635726298,0.7242666666666667,0.7087795270705933,0.7397538062627401,30,0.0075723230668238465,0.06750666666666666,0.06542973637116295,0.06958359696217037,30,0.001015499801449166,0.8239254497323856,0.820451393174442,0.8273995062903291,30,0.001698614417851341
electoral_media_amplification_2,Autocracy,8.384582817582046,7.3461224526355355,9.423043182528557,30,0.5077475622070661,0.044000000000000004,0.013528342479078432,0.07447165752092158,30,0.014898892962037577,0.021226666666666668,0.019377310071469613,0.023076023261863723,30,0.0009042293134714203,0.9273350807338243,0.922308161310843,0.9323620001568056,30,0.002457875301347292
electoral_media_amplification_2,Direct public-indicator policy,0.0,0.0,0.0,30,0.0,0.0,0.0,0.0,30,0.0,0.0,0.0,0.0,30,0.0,1.0,1.0,1.0,30,0.0
electoral_media_amplification_2,PKD,0.13442683656310167,0.1316209221333567,0.13723275099284665,30,0.0013719312354670578,0.011066666666666667,0.0014912808808687263,0.02064205245246461,30,0.004681814495810366,0.2602866666666667,0.25283337429631964,0.2677399590370138,30,0.0036442325188358955,0.5515248776486099,0.5436486012389571,0.5594011540582627,30,0.0038510474556977554
electoral_media_amplification_2,Population equal mean,0.08755949703923924,0.08671960146457967,0.0883993926138988,30,0.0004106607675526109,0.05000000000000001,0.05,0.05000000000000002,30,2.5770405001214727e-18,1.0,1.0,1.0,30,1.0646223935437328e-17,0.0,0.0,0.0,30,0.0
electoral_media_amplification_2,Population score weighted,0.03153861800866986,0.0312183125364933,0.03185892348084642,30,0.00015661100620591303,0.05000000000000001,0.05,0.05000000000000002,30,2.5770405001214727e-18,1.0,1.0,1.0,30,1.0646223935437328e-17,0.0,0.0,0.0,30,0.0
electoral_media_amplification_2,Sortition,0.8696402660810049,0.8556592534574292,0.8836212787045805,30,0.006835913354451838,0.04813333333333335,0.04553196702462623,0.050734699642040464,30,0.0012719189352225942,0.19352666666666668,0.18864914738911107,0.1984041859442223,30,0.002384827198411559,0.6321792248604257,0.6264577840688925,0.6379006656519588,30,0.002797456419400882
electoral_media_amplification_2,Sortition + deliberation,0.9220646273134699,0.9058745880214004,0.9382546666055395,30,0.007916000706496248,0.052666666666666674,0.04896970097199981,0.056363632361333536,30,0.0018076042017520235,0.19329999999999994,0.18850233866124785,0.19809766133875203,30,0.0023457812462317137,0.6323337352048716,0.6265566878834601,0.6381107825262831,30,0.00282464482344748
electoral_media_amplification_2,Voter-aggregated election,0.7002752951798076,0.6519248181839385,0.7486257721756766,30,0.02364061032552344,0.03280000000000001,0.020562206736421403,0.04503779326357862,30,0.00598357906196656,0.10225333333333333,0.09742433934825023,0.10708232731841644,30,0.0023611011133437203,0.7624766975932681,0.754718062328972,0.7702353328575642,30,0.00379352768240034
matched_record_selection,Appeal-based selection baseline,2.2092187164780674,2.0702061683883586,2.3482312645677763,30,0.0679691635726298,0.7242666666666667,0.7087795270705933,0.7397538062627401,30,0.0075723230668238465,0.06750666666666666,0.06542973637116295,0.06958359696217037,30,0.001015499801449166,0.8239254497323856,0.820451393174442,0.8273995062903291,30,0.001698614417851341
matched_record_selection,Autocracy,8.384582817582046,7.3461224526355355,9.423043182528557,30,0.5077475622070661,0.044000000000000004,0.013528342479078432,0.07447165752092158,30,0.014898892962037577,0.021226666666666668,0.019377310071469613,0.023076023261863723,30,0.0009042293134714203,0.9273350807338243,0.922308161310843,0.9323620001568056,30,0.002457875301347292
matched_record_selection,Direct public-indicator policy,0.0,0.0,0.0,30,0.0,0.0,0.0,0.0,30,0.0,0.0,0.0,0.0,30,0.0,1.0,1.0,1.0,30,0.0
matched_record_selection,PKD,0.18417124559444556,0.1776048947414268,0.19073759644746432,30,0.0032105689834279793,0.001066666666666667,0.0003948695275751866,0.0017384638057581473,30,0.0003284702730941013,0.09152,0.08831679639973444,0.09472320360026557,30,0.0015661828551073414,0.7792368125267182,0.7738114449944096,0.7846621800590268,30,0.0026526935755983062
matched_record_selection,Population equal mean,0.08755949703923924,0.08671960146457967,0.0883993926138988,30,0.0004106607675526109,0.05000000000000001,0.05,0.05000000000000002,30,2.5770405001214727e-18,1.0,1.0,1.0,30,1.0646223935437328e-17,0.0,0.0,0.0,30,0.0
matched_record_selection,Population score weighted,0.03153861800866986,0.0312183125364933,0.03185892348084642,30,0.00015661100620591303,0.05000000000000001,0.05,0.05000000000000002,30,2.5770405001214727e-18,1.0,1.0,1.0,30,1.0646223935437328e-17,0.0,0.0,0.0,30,0.0
matched_record_selection,Sortition,0.8696402660810049,0.8556592534574292,0.8836212787045805,30,0.006835913354451838,0.04813333333333335,0.04553196702462623,0.050734699642040464,30,0.0012719189352225942,0.19352666666666668,0.18864914738911107,0.1984041859442223,30,0.002384827198411559,0.6321792248604257,0.6264577840688925,0.6379006656519588,30,0.002797456419400882
matched_record_selection,Sortition + deliberation,0.9220646273134699,0.9058745880214004,0.9382546666055395,30,0.007916000706496248,0.052666666666666674,0.04896970097199981,0.056363632361333536,30,0.0018076042017520235,0.19329999999999994,0.18850233866124785,0.19809766133875203,30,0.0023457812462317137,0.6323337352048716,0.6265566878834601,0.6381107825262831,30,0.00282464482344748
matched_record_selection,Voter-aggregated election,0.1868710858136024,0.1801125393309093,0.1936296322962955,30,0.0033045416238176037,0.0009333333333333335,0.0002908013445173047,0.0015758653221493624,30,0.00031416129298126927,0.09156666666666666,0.08833254262789185,0.09480079070544147,30,0.0015813011762348392,0.7792010904995524,0.7737541301932365,0.7846480508058684,30,0.0026632512037308557
proxy_noise_0.5,Appeal-based selection baseline,2.2092187164780674,2.0702061683883586,2.3482312645677763,30,0.0679691635726298,0.7242666666666667,0.7087795270705933,0.7397538062627401,30,0.0075723230668238465,0.06750666666666666,0.06542973637116295,0.06958359696217037,30,0.001015499801449166,0.8239254497323856,0.820451393174442,0.8273995062903291,30,0.001698614417851341
proxy_noise_0.5,Autocracy,8.384582817582046,7.3461224526355355,9.423043182528557,30,0.5077475622070661,0.044000000000000004,0.013528342479078432,0.07447165752092158,30,0.014898892962037577,0.021226666666666668,0.019377310071469613,0.023076023261863723,30,0.0009042293134714203,0.9273350807338243,0.922308161310843,0.9323620001568056,30,0.002457875301347292
proxy_noise_0.5,Direct public-indicator policy,2.5022154858755274,2.4811200217692777,2.523310949981777,30,0.010314472111920001,0.0,0.0,0.0,30,0.0,0.0,0.0,0.0,30,0.0,1.0,1.0,1.0,30,0.0
proxy_noise_0.5,PKD,0.1399354905982642,0.13686996398435997,0.14300101721216846,30,0.001498866704624722,0.0096,0.0008590064670625838,0.018340993532937416,30,0.004273844536999068,0.25918,0.2516558613919899,0.2667041386080101,30,0.0036788722659838683,0.5530720394989517,0.5451788376580281,0.5609652413398752,30,0.0038593230209067017
proxy_noise_0.5,Population equal mean,0.08755949703923924,0.08671960146457967,0.0883993926138988,30,0.0004106607675526109,0.05000000000000001,0.05,0.05000000000000002,30,2.5770405001214727e-18,1.0,1.0,1.0,30,1.0646223935437328e-17,0.0,0.0,0.0,30,0.0
proxy_noise_0.5,Population score weighted,0.033170868363511796,0.032875603205517585,0.03346613352150601,30,0.00014436772864602108,0.05000000000000001,0.05,0.05000000000000002,30,2.5770405001214727e-18,1.0,1.0,1.0,30,1.0646223935437328e-17,0.0,0.0,0.0,30,0.0
proxy_noise_0.5,Sortition,0.8696402660810049,0.8556592534574292,0.8836212787045805,30,0.006835913354451838,0.04813333333333335,0.04553196702462623,0.050734699642040464,30,0.0012719189352225942,0.19352666666666668,0.18864914738911107,0.1984041859442223,30,0.002384827198411559,0.6321792248604257,0.6264577840688925,0.6379006656519588,30,0.002797456419400882
proxy_noise_0.5,Sortition + deliberation,0.9220646273134699,0.9058745880214004,0.9382546666055395,30,0.007916000706496248,0.052666666666666674,0.04896970097199981,0.056363632361333536,30,0.0018076042017520235,0.19329999999999994,0.18850233866124785,0.19809766133875203,30,0.0023457812462317137,0.6323337352048716,0.6265566878834601,0.6381107825262831,30,0.00282464482344748
proxy_noise_0.5,Voter-aggregated election,0.6999549128611121,0.670411918931952,0.7294979067902723,30,0.014444829725014919,0.12160000000000001,0.10729730279437984,0.13590269720562018,30,0.006993198666290476,0.09904,0.09492430473132717,0.10315569526867284,30,0.002012338949078164,0.767661062534793,0.7609556513799206,0.7743664736896655,30,0.0032785614958524647
proxy_noise_1,Appeal-based selection baseline,2.2092187164780674,2.0702061683883586,2.3482312645677763,30,0.0679691635726298,0.7242666666666667,0.7087795270705933,0.7397538062627401,30,0.0075723230668238465,0.06750666666666666,0.06542973637116295,0.06958359696217037,30,0.001015499801449166,0.8239254497323856,0.820451393174442,0.8273995062903291,30,0.001698614417851341
proxy_noise_1,Autocracy,8.384582817582046,7.3461224526355355,9.423043182528557,30,0.5077475622070661,0.044000000000000004,0.013528342479078432,0.07447165752092158,30,0.014898892962037577,0.021226666666666668,0.019377310071469613,0.023076023261863723,30,0.0009042293134714203,0.9273350807338243,0.922308161310843,0.9323620001568056,30,0.002457875301347292
proxy_noise_1,Direct public-indicator policy,10.00886194350211,9.92448008707711,10.093243799927109,30,0.04125788844768002,0.0,0.0,0.0,30,0.0,0.0,0.0,0.0,30,0.0,1.0,1.0,1.0,30,0.0
proxy_noise_1,PKD,0.16071365985623728,0.15677971189316395,0.16464760781931062,30,0.0019234749399442176,0.0104,0.0011418541009962022,0.019658145899003797,30,0.0045267023850435115,0.2602866666666667,0.2527893290383429,0.26778400429499055,30,0.0036657681239676545,0.5516112303736957,0.5437211056643992,0.5595013550829923,30,0.003857818480016217
proxy_noise_1,Population equal mean,0.08755949703923924,0.08671960146457967,0.0883993926138988,30,0.0004106607675526109,0.05000000000000001,0.05,0.05000000000000002,30,2.5770405001214727e-18,1.0,1.0,1.0,30,1.0646223935437328e-17,0.0,0.0,0.0,30,0.0
proxy_noise_1,Population score weighted,0.039545529872466956,0.039138715667577914,0.039952344077356,30,0.00019890881518068936,0.05000000000000001,0.05,0.05000000000000002,30,2.5770405001214727e-18,1.0,1.0,1.0,30,1.0646223935437328e-17,0.0,0.0,0.0,30,0.0
proxy_noise_1,Sortition,0.8696402660810049,0.8556592534574292,0.8836212787045805,30,0.006835913354451838,0.04813333333333335,0.04553196702462623,0.050734699642040464,30,0.0012719189352225942,0.19352666666666668,0.18864914738911107,0.1984041859442223,30,0.002384827198411559,0.6321792248604257,0.6264577840688925,0.6379006656519588,30,0.002797456419400882
proxy_noise_1,Sortition + deliberation,0.9220646273134699,0.9058745880214004,0.9382546666055395,30,0.007916000706496248,0.052666666666666674,0.04896970097199981,0.056363632361333536,30,0.0018076042017520235,0.19329999999999994,0.18850233866124785,0.19809766133875203,30,0.0023457812462317137,0.6323337352048716,0.6265566878834601,0.6381107825262831,30,0.00282464482344748
proxy_noise_1,Voter-aggregated election,0.7183844822333494,0.6854328756406985,0.7513360888260002,30,0.01611144583172084,0.12560000000000002,0.11081595259370172,0.1403840474062983,30,0.007228551308733201,0.09924,0.09487842759525777,0.10360157240474221,30,0.0021325587674321488,0.7674630954987598,0.7603304822392117,0.7745957087583079,30,0.0034874388247719754
proxy_noise_2,Appeal-based selection baseline,2.2092187164780674,2.0702061683883586,2.3482312645677763,30,0.0679691635726298,0.7242666666666667,0.7087795270705933,0.7397538062627401,30,0.0075723230668238465,0.06750666666666666,0.06542973637116295,0.06958359696217037,30,0.001015499801449166,0.8239254497323856,0.820451393174442,0.8273995062903291,30,0.001698614417851341
proxy_noise_2,Autocracy,8.384582817582046,7.3461224526355355,9.423043182528557,30,0.5077475622070661,0.044000000000000004,0.013528342479078432,0.07447165752092158,30,0.014898892962037577,0.021226666666666668,0.019377310071469613,0.023076023261863723,30,0.0009042293134714203,0.9273350807338243,0.922308161310843,0.9323620001568056,30,0.002457875301347292
proxy_noise_2,Direct public-indicator policy,40.03544777400844,39.69792034830844,40.372975199708435,30,0.16503155379072001,0.0,0.0,0.0,30,0.0,0.0,0.0,0.0,30,0.0,1.0,1.0,1.0,30,0.0
proxy_noise_2,PKD,0.3713527766116567,0.35419151267033305,0.3885140405529804,30,0.00839087385973364,0.011,0.0017890252962059674,0.02021097470379403,30,0.004503638375878957,0.2649533333333333,0.257804333310826,0.27210233335584066,30,0.003495451012069513,0.5453871430295986,0.5380044044951318,0.5527698815640654,30,0.0036097357393902792
proxy_noise_2,Population equal mean,0.08755949703923924,0.08671960146457967,0.0883993926138988,30,0.0004106607675526109,0.05000000000000001,0.05,0.05000000000000002,30,2.5770405001214727e-18,1.0,1.0,1.0,30,1.0646223935437328e-17,0.0,0.0,0.0,30,0.0
proxy_noise_2,Population score weighted,0.10833248654455536,0.10146164969708886,0.11520332339202187,30,0.0033594451722799242,0.05000000000000001,0.05,0.05000000000000002,30,2.5770405001214727e-18,1.0,1.0,1.0,30,1.0646223935437328e-17,0.0,0.0,0.0,30,0.0
proxy_noise_2,Sortition,0.8696402660810049,0.8556592534574292,0.8836212787045805,30,0.006835913354451838,0.04813333333333335,0.04553196702462623,0.050734699642040464,30,0.0012719189352225942,0.19352666666666668,0.18864914738911107,0.1984041859442223,30,0.002384827198411559,0.6321792248604257,0.6264577840688925,0.6379006656519588,30,0.002797456419400882
proxy_noise_2,Sortition + deliberation,0.9220646273134699,0.9058745880214004,0.9382546666055395,30,0.007916000706496248,0.052666666666666674,0.04896970097199981,0.056363632361333536,30,0.0018076042017520235,0.19329999999999994,0.18850233866124785,0.19809766133875203,30,0.0023457812462317137,0.6323337352048716,0.6265566878834601,0.6381107825262831,30,0.00282464482344748
proxy_noise_2,Voter-aggregated election,0.7572421138613616,0.7228634890379994,0.7916207386847239,30,0.01680917590628761,0.1322666666666667,0.11744970071394394,0.14708363261938945,30,0.0072446465900387,0.09909333333333332,0.0947028281875914,0.10348383847907525,30,0.0021467052184729876,0.7678175219790745,0.7607063052115319,0.774928738746617,30,0.003476977167281435
feedback_delay_3,Appeal-based selection baseline,2.2092187164780674,2.0702061683883586,2.3482312645677763,30,0.0679691635726298,0.7242666666666667,0.7087795270705933,0.7397538062627401,30,0.0075723230668238465,0.06750666666666666,0.06542973637116295,0.06958359696217037,30,0.001015499801449166,0.8239254497323856,0.820451393174442,0.8273995062903291,30,0.001698614417851341
feedback_delay_3,Autocracy,8.384582817582046,7.3461224526355355,9.423043182528557,30,0.5077475622070661,0.044000000000000004,0.013528342479078432,0.07447165752092158,30,0.014898892962037577,0.021226666666666668,0.019377310071469613,0.023076023261863723,30,0.0009042293134714203,0.9273350807338243,0.922308161310843,0.9323620001568056,30,0.002457875301347292
feedback_delay_3,Direct public-indicator policy,0.0,0.0,0.0,30,0.0,0.0,0.0,0.0,30,0.0,0.0,0.0,0.0,30,0.0,1.0,1.0,1.0,30,0.0
feedback_delay_3,PKD,0.13968597087189477,0.1367438572308246,0.14262808451296494,30,0.0014385248387081876,0.010466666666666668,0.001255831160338396,0.019677502172994937,30,0.004503570316301249,0.26031333333333334,0.25315876682770566,0.267467899838961,30,0.003498172703074621,0.5515769753546905,0.5440680524168745,0.5590858982925065,30,0.003671432675885692
feedback_delay_3,Population equal mean,0.08755949703923924,0.08671960146457967,0.0883993926138988,30,0.0004106607675526109,0.05000000000000001,0.05,0.05000000000000002,30,2.5770405001214727e-18,1.0,1.0,1.0,30,1.0646223935437328e-17,0.0,0.0,0.0,30,0.0
feedback_delay_3,Population score weighted,0.032041675638404536,0.03173103589158585,0.03235231538522322,30,0.00015188502084037927,0.05000000000000001,0.05,0.05000000000000002,30,2.5770405001214727e-18,1.0,1.0,1.0,30,1.0646223935437328e-17,0.0,0.0,0.0,30,0.0
feedback_delay_3,Sortition,0.8696402660810049,0.8556592534574292,0.8836212787045805,30,0.006835913354451838,0.04813333333333335,0.04553196702462623,0.050734699642040464,30,0.0012719189352225942,0.19352666666666668,0.18864914738911107,0.1984041859442223,30,0.002384827198411559,0.6321792248604257,0.6264577840688925,0.6379006656519588,30,0.002797456419400882
feedback_delay_3,Sortition + deliberation,0.9220646273134699,0.9058745880214004,0.9382546666055395,30,0.007916000706496248,0.052666666666666674,0.04896970097199981,0.056363632361333536,30,0.0018076042017520235,0.19329999999999994,0.18850233866124785,0.19809766133875203,30,0.0023457812462317137,0.6323337352048716,0.6265566878834601,0.6381107825262831,30,0.00282464482344748
feedback_delay_3,Voter-aggregated election,0.6777789530494811,0.6510285339549435,0.7045293721440187,30,0.013079420786529886,0.11680000000000003,0.10238586265373364,0.1312141373462664,30,0.007047686503915398,0.09861333333333334,0.09433395391863982,0.10289271274802687,30,0.002092371109109842,0.7684670993366128,0.7616081963990603,0.7753260022741654,30,0.003353610174748046
feedback_delay_12,Appeal-based selection baseline,2.2092187164780674,2.0702061683883586,2.3482312645677763,30,0.0679691635726298,0.7242666666666667,0.7087795270705933,0.7397538062627401,30,0.0075723230668238465,0.06750666666666666,0.06542973637116295,0.06958359696217037,30,0.001015499801449166,0.8239254497323856,0.820451393174442,0.8273995062903291,30,0.001698614417851341
feedback_delay_12,Autocracy,8.384582817582046,7.3461224526355355,9.423043182528557,30,0.5077475622070661,0.044000000000000004,0.013528342479078432,0.07447165752092158,30,0.014898892962037577,0.021226666666666668,0.019377310071469613,0.023076023261863723,30,0.0009042293134714203,0.9273350807338243,0.922308161310843,0.9323620001568056,30,0.002457875301347292
feedback_delay_12,Direct public-indicator policy,0.0,0.0,0.0,30,0.0,0.0,0.0,0.0,30,0.0,0.0,0.0,0.0,30,0.0,1.0,1.0,1.0,30,0.0
feedback_delay_12,PKD,0.16469538136331088,0.16006723602617812,0.16932352670044365,30,0.0022628976432723137,0.011000000000000003,0.002064580039708072,0.019935419960291932,30,0.0043689079095168715,0.2606266666666667,0.2531985998007208,0.26805473353261255,30,0.003631898693879743,0.5511331550910753,0.5432912129855687,0.5589750971965819,30,0.003834259950060806
feedback_delay_12,Population equal mean,0.08755949703923924,0.08671960146457967,0.0883993926138988,30,0.0004106607675526109,0.05000000000000001,0.05,0.05000000000000002,30,2.5770405001214727e-18,1.0,1.0,1.0,30,1.0646223935437328e-17,0.0,0.0,0.0,30,0.0
feedback_delay_12,Population score weighted,0.03364583887163082,0.033318545197441325,0.033973132545820316,30,0.00016002783621315298,0.05000000000000001,0.05,0.05000000000000002,30,2.5770405001214727e-18,1.0,1.0,1.0,30,1.0646223935437328e-17,0.0,0.0,0.0,30,0.0
feedback_delay_12,Sortition,0.8696402660810049,0.8556592534574292,0.8836212787045805,30,0.006835913354451838,0.04813333333333335,0.04553196702462623,0.050734699642040464,30,0.0012719189352225942,0.19352666666666668,0.18864914738911107,0.1984041859442223,30,0.002384827198411559,0.6321792248604257,0.6264577840688925,0.6379006656519588,30,0.002797456419400882
feedback_delay_12,Sortition + deliberation,0.9220646273134699,0.9058745880214004,0.9382546666055395,30,0.007916000706496248,0.052666666666666674,0.04896970097199981,0.056363632361333536,30,0.0018076042017520235,0.19329999999999994,0.18850233866124785,0.19809766133875203,30,0.0023457812462317137,0.6323337352048716,0.6265566878834601,0.6381107825262831,30,0.00282464482344748
feedback_delay_12,Voter-aggregated election,0.7303029304634922,0.7003994271943342,0.7602064337326501,30,0.0146210981168723,0.12453333333333336,0.11127374962911436,0.13779291703755236,30,0.006483175987216917,0.09906666666666666,0.09472153122891556,0.10341180210441776,30,0.0021245220332422534,0.76782545275347,0.7608205091600705,0.7748303963468696,30,0.003425015679948287
feedback_delay_24,Appeal-based selection baseline,2.2092187164780674,2.0702061683883586,2.3482312645677763,30,0.0679691635726298,0.7242666666666667,0.7087795270705933,0.7397538062627401,30,0.0075723230668238465,0.06750666666666666,0.06542973637116295,0.06958359696217037,30,0.001015499801449166,0.8239254497323856,0.820451393174442,0.8273995062903291,30,0.001698614417851341
feedback_delay_24,Autocracy,8.384582817582046,7.3461224526355355,9.423043182528557,30,0.5077475622070661,0.044000000000000004,0.013528342479078432,0.07447165752092158,30,0.014898892962037577,0.021226666666666668,0.019377310071469613,0.023076023261863723,30,0.0009042293134714203,0.9273350807338243,0.922308161310843,0.9323620001568056,30,0.002457875301347292
feedback_delay_24,Direct public-indicator policy,0.0,0.0,0.0,30,0.0,0.0,0.0,0.0,30,0.0,0.0,0.0,0.0,30,0.0,1.0,1.0,1.0,30,0.0
feedback_delay_24,PKD,0.19349757430184508,0.18671145754235485,0.2002836910613353,30,0.003318021908001426,0.012533333333333334,0.0031605374958690643,0.0219061291707976,30,0.004582759629716006,0.26094,0.25359524075481527,0.26828475924518475,30,0.003591166045063693,0.5507629318169897,0.5430121990280478,0.5585136646059315,30,0.0037896638251632615
feedback_delay_24,Population equal mean,0.08755949703923924,0.08671960146457967,0.0883993926138988,30,0.0004106607675526109,0.05000000000000001,0.05,0.05000000000000002,30,2.5770405001214727e-18,1.0,1.0,1.0,30,1.0646223935437328e-17,0.0,0.0,0.0,30,0.0
feedback_delay_24,Population score weighted,0.03579241949599328,0.035438267782924304,0.036146571209062256,30,0.00017315987690246846,0.05000000000000001,0.05,0.05000000000000002,30,2.5770405001214727e-18,1.0,1.0,1.0,30,1.0646223935437328e-17,0.0,0.0,0.0,30,0.0
feedback_delay_24,Sortition,0.8696402660810049,0.8556592534574292,0.8836212787045805,30,0.006835913354451838,0.04813333333333335,0.04553196702462623,0.050734699642040464,30,0.0012719189352225942,0.19352666666666668,0.18864914738911107,0.1984041859442223,30,0.002384827198411559,0.6321792248604257,0.6264577840688925,0.6379006656519588,30,0.002797456419400882
feedback_delay_24,Sortition + deliberation,0.9220646273134699,0.9058745880214004,0.9382546666055395,30,0.007916000706496248,0.052666666666666674,0.04896970097199981,0.056363632361333536,30,0.0018076042017520235,0.19329999999999994,0.18850233866124785,0.19809766133875203,30,0.0023457812462317137,0.6323337352048716,0.6265566878834601,0.6381107825262831,30,0.00282464482344748
feedback_delay_24,Voter-aggregated election,0.7628722096408947,0.7275674979603455,0.798176921321444,30,0.017261979267880444,0.12933333333333336,0.11606447016192326,0.14260219650474346,30,0.006487713114491013,0.09885333333333332,0.09487872140315047,0.10282794526351617,30,0.001943357287760725,0.7681076353739436,0.7616302100349476,0.7745850607129395,30,0.0031670895069961435
scored_dimensions_1,Appeal-based selection baseline,2.2092187164780674,2.0702061683883586,2.3482312645677763,30,0.0679691635726298,0.7242666666666667,0.7087795270705933,0.7397538062627401,30,0.0075723230668238465,0.06750666666666666,0.06542973637116295,0.06958359696217037,30,0.001015499801449166,0.8239254497323856,0.820451393174442,0.8273995062903291,30,0.001698614417851341
scored_dimensions_1,Autocracy,8.384582817582046,7.3461224526355355,9.423043182528557,30,0.5077475622070661,0.044000000000000004,0.013528342479078432,0.07447165752092158,30,0.014898892962037577,0.021226666666666668,0.019377310071469613,0.023076023261863723,30,0.0009042293134714203,0.9273350807338243,0.922308161310843,0.9323620001568056,30,0.002457875301347292
scored_dimensions_1,Direct public-indicator policy,0.0,0.0,0.0,30,0.0,0.0,0.0,0.0,30,0.0,0.0,0.0,0.0,30,0.0,1.0,1.0,1.0,30,0.0
scored_dimensions_1,PKD,0.2686805502845492,0.2454463533198859,0.29191474724921246,30,0.011360189822222283,0.0116,0.0017052354252564857,0.021494764574743513,30,0.0048379724070621,0.2496266666666666,0.24194652982479462,0.25730680350853863,30,0.003755146455761022,0.5672700610506046,0.5587441573861986,0.5757959647150106,30,0.004168677926805026
scored_dimensions_1,Population equal mean,0.08755949703923924,0.08671960146457967,0.0883993926138988,30,0.0004106607675526109,0.05000000000000001,0.05,0.05000000000000002,30,2.5770405001214727e-18,1.0,1.0,1.0,30,1.0646223935437328e-17,0.0,0.0,0.0,30,0.0
scored_dimensions_1,Population score weighted,0.052722770226321214,0.050782325355523586,0.05466321509711884,30,0.000948766256279267,0.05000000000000001,0.05,0.05000000000000002,30,2.5770405001214727e-18,1.0,1.0,1.0,30,1.0646223935437328e-17,0.0,0.0,0.0,30,0.0
scored_dimensions_1,Sortition,0.8696402660810049,0.8556592534574292,0.8836212787045805,30,0.006835913354451838,0.04813333333333335,0.04553196702462623,0.050734699642040464,30,0.0012719189352225942,0.19352666666666668,0.18864914738911107,0.1984041859442223,30,0.002384827198411559,0.6321792248604257,0.6264577840688925,0.6379006656519588,30,0.002797456419400882
scored_dimensions_1,Sortition + deliberation,0.9220646273134699,0.9058745880214004,0.9382546666055395,30,0.007916000706496248,0.052666666666666674,0.04896970097199981,0.056363632361333536,30,0.0018076042017520235,0.19329999999999994,0.18850233866124785,0.19809766133875203,30,0.0023457812462317137,0.6323337352048716,0.6265566878834601,0.6381107825262831,30,0.00282464482344748
scored_dimensions_1,Voter-aggregated election,0.9472538280290109,0.8987465230216184,0.9957611330364035,30,0.023717290228988927,0.16373333333333337,0.1479509741201558,0.17951569254651095,30,0.0077166685285864536,0.09715999999999998,0.09323650065881403,0.10108349934118593,30,0.0019183661630752828,0.771063628345147,0.7646582651304907,0.7774689915598032,30,0.003131855260995002
scored_dimensions_3,Appeal-based selection baseline,2.2092187164780674,2.0702061683883586,2.3482312645677763,30,0.0679691635726298,0.7242666666666667,0.7087795270705933,0.7397538062627401,30,0.0075723230668238465,0.06750666666666666,0.06542973637116295,0.06958359696217037,30,0.001015499801449166,0.8239254497323856,0.820451393174442,0.8273995062903291,30,0.001698614417851341
scored_dimensions_3,Autocracy,8.384582817582046,7.3461224526355355,9.423043182528557,30,0.5077475622070661,0.044000000000000004,0.013528342479078432,0.07447165752092158,30,0.014898892962037577,0.021226666666666668,0.019377310071469613,0.023076023261863723,30,0.0009042293134714203,0.9273350807338243,0.922308161310843,0.9323620001568056,30,0.002457875301347292
scored_dimensions_3,Direct public-indicator policy,0.0,0.0,0.0,30,0.0,0.0,0.0,0.0,30,0.0,0.0,0.0,0.0,30,0.0,1.0,1.0,1.0,30,0.0
scored_dimensions_3,PKD,0.14403363576830633,0.14059913393766202,0.14746813759895064,30,0.0016792744246865636,0.010066666666666666,0.0009697034488114729,0.01916362988452186,30,0.004447893297873952,0.25458,0.24693287293516286,0.2622271270648371,30,0.00373900656791915,0.5602596438862053,0.5521182889788453,0.5684009987935653,30,0.003980655638684403
scored_dimensions_3,Population equal mean,0.08755949703923924,0.08671960146457967,0.0883993926138988,30,0.0004106607675526109,0.05000000000000001,0.05,0.05000000000000002,30,2.5770405001214727e-18,1.0,1.0,1.0,30,1.0646223935437328e-17,0.0,0.0,0.0,30,0.0
scored_dimensions_3,Population score weighted,0.03248225509361397,0.032162591790442265,0.03280191839678568,30,0.00015629702239127027,0.05000000000000001,0.05,0.05000000000000002,30,2.5770405001214727e-18,1.0,1.0,1.0,30,1.0646223935437328e-17,0.0,0.0,0.0,30,0.0
scored_dimensions_3,Sortition,0.8696402660810049,0.8556592534574292,0.8836212787045805,30,0.006835913354451838,0.04813333333333335,0.04553196702462623,0.050734699642040464,30,0.0012719189352225942,0.19352666666666668,0.18864914738911107,0.1984041859442223,30,0.002384827198411559,0.6321792248604257,0.6264577840688925,0.6379006656519588,30,0.002797456419400882
scored_dimensions_3,Sortition + deliberation,0.9220646273134699,0.9058745880214004,0.9382546666055395,30,0.007916000706496248,0.052666666666666674,0.04896970097199981,0.056363632361333536,30,0.0018076042017520235,0.19329999999999994,0.18850233866124785,0.19809766133875203,30,0.0023457812462317137,0.6323337352048716,0.6265566878834601,0.6381107825262831,30,0.00282464482344748
scored_dimensions_3,Voter-aggregated election,0.7728717541868398,0.7360521975442638,0.8096913108294159,30,0.018002651577150895,0.13973333333333338,0.12499967182235756,0.1544669948443092,30,0.007203915495578285,0.09833333333333333,0.0940598272622724,0.10260683940439426,30,0.0020894993809128654,0.7690123507064194,0.762102678935489,0.7759220224773498,30,0.003378433222650309
scored_dimensions_5,Appeal-based selection baseline,2.2092187164780674,2.0702061683883586,2.3482312645677763,30,0.0679691635726298,0.7242666666666667,0.7087795270705933,0.7397538062627401,30,0.0075723230668238465,0.06750666666666666,0.06542973637116295,0.06958359696217037,30,0.001015499801449166,0.8239254497323856,0.820451393174442,0.8273995062903291,30,0.001698614417851341
scored_dimensions_5,Autocracy,8.384582817582046,7.3461224526355355,9.423043182528557,30,0.5077475622070661,0.044000000000000004,0.013528342479078432,0.07447165752092158,30,0.014898892962037577,0.021226666666666668,0.019377310071469613,0.023076023261863723,30,0.0009042293134714203,0.9273350807338243,0.922308161310843,0.9323620001568056,30,0.002457875301347292
scored_dimensions_5,Direct public-indicator policy,0.0,0.0,0.0,30,0.0,0.0,0.0,0.0,30,0.0,0.0,0.0,0.0,30,0.0,1.0,1.0,1.0,30,0.0
scored_dimensions_5,PKD,0.13338545365530938,0.13057739015965578,0.13619351715096298,30,0.0013729820054463073,0.0098,0.0009476155329593734,0.018652384467040626,30,0.004328308315446488,0.25482000000000005,0.24754302624702781,0.26209697375297225,30,0.003558022826905643,0.5594771083690152,0.551816333128589,0.5671378836094414,30,0.003745679743052102
scored_dimensions_5,Population equal mean,0.08755949703923924,0.08671960146457967,0.0883993926138988,30,0.0004106607675526109,0.05000000000000001,0.05,0.05000000000000002,30,2.5770405001214727e-18,1.0,1.0,1.0,30,1.0646223935437328e-17,0.0,0.0,0.0,30,0.0
scored_dimensions_5,Population score weighted,0.030608381770202787,0.030296676580304344,0.03092008696010123,30,0.0001524059614026552,0.05000000000000001,0.05,0.05000000000000002,30,2.5770405001214727e-18,1.0,1.0,1.0,30,1.0646223935437328e-17,0.0,0.0,0.0,30,0.0
scored_dimensions_5,Sortition,0.8696402660810049,0.8556592534574292,0.8836212787045805,30,0.006835913354451838,0.04813333333333335,0.04553196702462623,0.050734699642040464,30,0.0012719189352225942,0.19352666666666668,0.18864914738911107,0.1984041859442223,30,0.002384827198411559,0.6321792248604257,0.6264577840688925,0.6379006656519588,30,0.002797456419400882
scored_dimensions_5,Sortition + deliberation,0.9220646273134699,0.9058745880214004,0.9382546666055395,30,0.007916000706496248,0.052666666666666674,0.04896970097199981,0.056363632361333536,30,0.0018076042017520235,0.19329999999999994,0.18850233866124785,0.19809766133875203,30,0.0023457812462317137,0.6323337352048716,0.6265566878834601,0.6381107825262831,30,0.00282464482344748
scored_dimensions_5,Voter-aggregated election,0.723386283010136,0.6884354759565631,0.7583370900637089,30,0.01708894020190672,0.1290666666666667,0.11384001330275173,0.14429332003058165,30,0.00744496023832173,0.09834666666666668,0.09400748398977998,0.10268584934355338,30,0.0021216114745735482,0.7687951603453353,0.761721172506711,0.7758691481839597,30,0.0034587743561392114
expert_noise_0.6,Appeal-based selection baseline,2.2674392239893555,2.129173544390422,2.405704903588289,30,0.0676039877139442,0.7242666666666667,0.7087795270705933,0.7397538062627401,30,0.0075723230668238465,0.06750666666666666,0.06542973637116295,0.06958359696217037,30,0.001015499801449166,0.8239254497323856,0.820451393174442,0.8273995062903291,30,0.001698614417851341
expert_noise_0.6,Autocracy,8.759007588625744,7.764644603206206,9.753370574045283,30,0.4861864726264412,0.044000000000000004,0.013528342479078432,0.07447165752092158,30,0.014898892962037577,0.021226666666666668,0.019377310071469613,0.023076023261863723,30,0.0009042293134714203,0.9273350807338243,0.922308161310843,0.9323620001568056,30,0.002457875301347292
expert_noise_0.6,Direct public-indicator policy,0.0,0.0,0.0,30,0.0,0.0,0.0,0.0,30,0.0,0.0,0.0,0.0,30,0.0,1.0,1.0,1.0,30,0.0
expert_noise_0.6,PKD,0.3303263376009724,0.3226883189502932,0.3379643562516516,30,0.003734553075768313,0.0086,0.00020982945462884664,0.016990170545371153,30,0.004102312215963258,0.2575,0.2496227874914863,0.2653772125085137,30,0.0038515051543549826,0.5566288239532053,0.5484856793763958,0.5647719685300149,30,0.003981530684406717
expert_noise_0.6,Population equal mean,0.09095077782586292,0.09009110553562304,0.0918104501161028,30,0.0004203304472662702,0.05000000000000001,0.05,0.05000000000000002,30,2.5770405001214727e-18,1.0,1.0,1.0,30,1.0646223935437328e-17,0.0,0.0,0.0,30,0.0
expert_noise_0.6,Population score weighted,0.055921276165265765,0.05537802804955212,0.05646452428097941,30,0.0002656171730168947,0.05000000000000001,0.05,0.05000000000000002,30,2.5770405001214727e-18,1.0,1.0,1.0,30,1.0646223935437328e-17,0.0,0.0,0.0,30,0.0
expert_noise_0.6,Sortition,0.9055460133014284,0.891781420889472,0.9193106057133847,30,0.006730096282783721,0.04813333333333335,0.04553196702462623,0.050734699642040464,30,0.0012719189352225942,0.19352666666666668,0.18864914738911107,0.1984041859442223,30,0.002384827198411559,0.6321792248604257,0.6264577840688925,0.6379006656519588,30,0.002797456419400882
expert_noise_0.6,Sortition + deliberation,0.9506698070318279,0.9345784169086261,0.9667611971550297,30,0.007867766920501985,0.052666666666666674,0.04896970097199981,0.056363632361333536,30,0.0018076042017520235,0.19329999999999994,0.18850233866124785,0.19809766133875203,30,0.0023457812462317137,0.6323337352048716,0.6265566878834601,0.6381107825262831,30,0.00282464482344748
expert_noise_0.6,Voter-aggregated election,0.9040902054095561,0.8760486247479832,0.932131786071129,30,0.013710724744010635,0.1290666666666667,0.11495165808643451,0.14318167524689887,30,0.0069014296925177954,0.09902666666666665,0.09494078310650432,0.10311255022682898,30,0.0019977627333337957,0.767901701460314,0.7613009085253377,0.7745024943952903,30,0.0032274091862335695
expert_noise_0.9,Appeal-based selection baseline,2.3641827767082093,2.2263917618932796,2.501973791523139,30,0.06737190385684284,0.7242666666666667,0.7087795270705933,0.7397538062627401,30,0.0075723230668238465,0.06750666666666666,0.06542973637116295,0.06958359696217037,30,0.001015499801449166,0.8239254497323856,0.820451393174442,0.8273995062903291,30,0.001698614417851341
expert_noise_0.9,Autocracy,9.383048873698579,8.42292286488066,10.343174882516498,30,0.469446554576986,0.044000000000000004,0.013528342479078432,0.07447165752092158,30,0.014898892962037577,0.021226666666666668,0.019377310071469613,0.023076023261863723,30,0.0009042293134714203,0.9273350807338243,0.922308161310843,0.9323620001568056,30,0.002457875301347292
expert_noise_0.9,Direct public-indicator policy,0.0,0.0,0.0,30,0.0,0.0,0.0,0.0,30,0.0,0.0,0.0,0.0,30,0.0,1.0,1.0,1.0,30,0.0
expert_noise_0.9,PKD,0.36248563863523536,0.35232363892818036,0.37264763834229037,30,0.004968635060686094,0.0086,0.00020982945462884664,0.016990170545371153,30,0.004102312215963258,0.25755333333333336,0.249656858349319,0.2654498083173477,30,0.003860923400161639,0.5565760453336366,0.5484230321703932,0.5647290584968799,30,0.003986355857204176
expert_noise_0.9,Population equal mean,0.09668677764056052,0.09579905474185198,0.09757450053926907,30,0.00043404558609020093,0.05000000000000001,0.05,0.05000000000000002,30,2.5770405001214727e-18,1.0,1.0,1.0,30,1.0646223935437328e-17,0.0,0.0,0.0,30,0.0
expert_noise_0.9,Population score weighted,0.07080180308189439,0.07002979127119442,0.07157381489259436,30,0.0003774695001461764,0.05000000000000001,0.05,0.05000000000000002,30,2.5770405001214727e-18,1.0,1.0,1.0,30,1.0646223935437328e-17,0.0,0.0,0.0,30,0.0
expert_noise_0.9,Sortition,0.9651030053631623,0.9513838073102822,0.9788222034160424,30,0.006707901044585951,0.04813333333333335,0.04553196702462623,0.050734699642040464,30,0.0012719189352225942,0.19352666666666668,0.18864914738911107,0.1984041859442223,30,0.002384827198411559,0.6321792248604257,0.6264577840688925,0.6379006656519588,30,0.002797456419400882
expert_noise_0.9,Sortition + deliberation,0.9952356000302499,0.9788693954158493,1.0116018046446507,30,0.008002135445941656,0.052666666666666674,0.04896970097199981,0.056363632361333536,30,0.0018076042017520235,0.19329999999999994,0.18850233866124785,0.19809766133875203,30,0.0023457812462317137,0.6323337352048716,0.6265566878834601,0.6381107825262831,30,0.00282464482344748
expert_noise_0.9,Voter-aggregated election,1.0973136876665142,1.064693015319182,1.1299343600138463,30,0.0159496379650142,0.14240000000000003,0.1264688632596929,0.15833113674030716,30,0.007789412206882854,0.0974933333333333,0.09353283680982724,0.10145382985683937,30,0.0019364556634218274,0.7706495495847019,0.7642267990405579,0.7770723001288459,30,0.003140356667941953
track_decay_0.5,Appeal-based selection baseline,2.2092187164780674,2.0702061683883586,2.3482312645677763,30,0.0679691635726298,0.7242666666666667,0.7087795270705933,0.7397538062627401,30,0.0075723230668238465,0.06750666666666666,0.06542973637116295,0.06958359696217037,30,0.001015499801449166,0.8239254497323856,0.820451393174442,0.8273995062903291,30,0.001698614417851341
track_decay_0.5,Autocracy,8.384582817582046,7.3461224526355355,9.423043182528557,30,0.5077475622070661,0.044000000000000004,0.013528342479078432,0.07447165752092158,30,0.014898892962037577,0.021226666666666668,0.019377310071469613,0.023076023261863723,30,0.0009042293134714203,0.9273350807338243,0.922308161310843,0.9323620001568056,30,0.002457875301347292
track_decay_0.5,Direct public-indicator policy,0.0,0.0,0.0,30,0.0,0.0,0.0,0.0,30,0.0,0.0,0.0,0.0,30,0.0,1.0,1.0,1.0,30,0.0
track_decay_0.5,PKD,0.13961275285813515,0.13664229043290244,0.14258321528336787,30,0.0014523857683459008,0.010533333333333334,0.0010645894005590645,0.0200020772661076,30,0.004629672745648527,0.2600866666666667,0.2527142943369649,0.26745903899636847,30,0.0036046672597675146,0.5518509716429942,0.5440876313172786,0.5596143119687099,30,0.0037958281875967175
track_decay_0.5,Population equal mean,0.08755949703923924,0.08671960146457967,0.0883993926138988,30,0.0004106607675526109,0.05000000000000001,0.05,0.05000000000000002,30,2.5770405001214727e-18,1.0,1.0,1.0,30,1.0646223935437328e-17,0.0,0.0,0.0,30,0.0
track_decay_0.5,Population score weighted,0.03381442666907477,0.0334789367503062,0.03414991658784334,30,0.00016403532975335153,0.05000000000000001,0.05,0.05000000000000002,30,2.5770405001214727e-18,1.0,1.0,1.0,30,1.0646223935437328e-17,0.0,0.0,0.0,30,0.0
track_decay_0.5,Sortition,0.8696402660810049,0.8556592534574292,0.8836212787045805,30,0.006835913354451838,0.04813333333333335,0.04553196702462623,0.050734699642040464,30,0.0012719189352225942,0.19352666666666668,0.18864914738911107,0.1984041859442223,30,0.002384827198411559,0.6321792248604257,0.6264577840688925,0.6379006656519588,30,0.002797456419400882
track_decay_0.5,Sortition + deliberation,0.9220646273134699,0.9058745880214004,0.9382546666055395,30,0.007916000706496248,0.052666666666666674,0.04896970097199981,0.056363632361333536,30,0.0018076042017520235,0.19329999999999994,0.18850233866124785,0.19809766133875203,30,0.0023457812462317137,0.6323337352048716,0.6265566878834601,0.6381107825262831,30,0.00282464482344748
track_decay_0.5,Voter-aggregated election,0.7481954931472238,0.7115508328556597,0.7848401534387879,30,0.017917137291904382,0.13493333333333338,0.1184640240262923,0.15140264264037445,30,0.008052547727534096,0.09886666666666667,0.09455713014675074,0.1031762031865826,30,0.0021071162040376427,0.7681466230822485,0.7611396546350587,0.7751535915294382,30,0.0034260057173252424
track_decay_0.99,Appeal-based selection baseline,2.2092187164780674,2.0702061683883586,2.3482312645677763,30,0.0679691635726298,0.7242666666666667,0.7087795270705933,0.7397538062627401,30,0.0075723230668238465,0.06750666666666666,0.06542973637116295,0.06958359696217037,30,0.001015499801449166,0.8239254497323856,0.820451393174442,0.8273995062903291,30,0.001698614417851341
track_decay_0.99,Autocracy,8.384582817582046,7.3461224526355355,9.423043182528557,30,0.5077475622070661,0.044000000000000004,0.013528342479078432,0.07447165752092158,30,0.014898892962037577,0.021226666666666668,0.019377310071469613,0.023076023261863723,30,0.0009042293134714203,0.9273350807338243,0.922308161310843,0.9323620001568056,30,0.002457875301347292
track_decay_0.99,Direct public-indicator policy,0.0,0.0,0.0,30,0.0,0.0,0.0,0.0,30,0.0,0.0,0.0,0.0,30,0.0,1.0,1.0,1.0,30,0.0
track_decay_0.99,PKD,0.13776718816961925,0.13516903899243563,0.14036533734680287,30,0.0012703459424118011,0.0108,0.001502055332253182,0.02009794466774682,30,0.004546161700478388,0.26104000000000005,0.25363512453589476,0.26844487546410534,30,0.0036205594284188522,0.5504474933675948,0.542651972413553,0.5582430143216366,30,0.0038115626692721235
track_decay_0.99,Population equal mean,0.08755949703923924,0.08671960146457967,0.0883993926138988,30,0.0004106607675526109,0.05000000000000001,0.05,0.05000000000000002,30,2.5770405001214727e-18,1.0,1.0,1.0,30,1.0646223935437328e-17,0.0,0.0,0.0,30,0.0
track_decay_0.99,Population score weighted,0.030612279390574162,0.030311281947183213,0.030913276833965112,30,0.0001471704874554221,0.05000000000000001,0.05,0.05000000000000002,30,2.5770405001214727e-18,1.0,1.0,1.0,30,1.0646223935437328e-17,0.0,0.0,0.0,30,0.0
track_decay_0.99,Sortition,0.8696402660810049,0.8556592534574292,0.8836212787045805,30,0.006835913354451838,0.04813333333333335,0.04553196702462623,0.050734699642040464,30,0.0012719189352225942,0.19352666666666668,0.18864914738911107,0.1984041859442223,30,0.002384827198411559,0.6321792248604257,0.6264577840688925,0.6379006656519588,30,0.002797456419400882
track_decay_0.99,Sortition + deliberation,0.9220646273134699,0.9058745880214004,0.9382546666055395,30,0.007916000706496248,0.052666666666666674,0.04896970097199981,0.056363632361333536,30,0.0018076042017520235,0.19329999999999994,0.18850233866124785,0.19809766133875203,30,0.0023457812462317137,0.6323337352048716,0.6265566878834601,0.6381107825262831,30,0.00282464482344748
track_decay_0.99,Voter-aggregated election,0.6918434810674461,0.6656787795948359,0.7180081825400563,30,0.012793038460623166,0.11066666666666669,0.10115253474894047,0.12018079858439291,30,0.004651864867265062,0.09937333333333334,0.09529366766870535,0.10345299899796133,30,0.001994722539017102,0.7673547771001663,0.7608119068900839,0.7738976473102487,30,0.00319908829565938
n_dim_2,Appeal-based selection baseline,1.2181185908136536,0.9066392470131581,1.529597934614149,30,0.15229553561315204,0.7274666666666667,0.7130667683215507,0.7418665650117827,30,0.007040724448967136,0.13028000000000003,0.1257577448907109,0.13480225510928917,30,0.002211123394717415,0.7404503288925233,0.7346987332769849,0.7462019245080617,30,0.0028122003989443298
n_dim_2,Autocracy,0.8671653974621878,0.6355691192515784,1.0987616756727971,30,0.11323729787580611,0.044000000000000004,0.013528342479078432,0.07447165752092158,30,0.014898892962037577,0.06596,0.06161026090252409,0.07030973909747593,30,0.0021267729588253666,0.8252450303081723,0.816453340796748,0.8340367198195966,30,0.004298631963037956
n_dim_2,Direct public-indicator policy,0.0,0.0,0.0,30,0.0,0.0,0.0,0.0,30,0.0,0.0,0.0,0.0,30,0.0,1.0,1.0,1.0,30,0.0
n_dim_2,PKD,0.01100533598168112,0.01042162232415869,0.01158904963920355,30,0.00028540250224114226,0.0006000000000000002,0.00025191707276168925,0.0009480829272383111,30,0.00017019258867935266,0.5448666666666667,0.5281678934022946,0.5615654399310388,30,0.008164742442789493,0.3177285329413946,0.30532920887475956,0.3301278570080296,30,0.006062558360784057
n_dim_2,Population equal mean,0.009599303408655464,0.008375777756197886,0.01082282906111304,30,0.0005982338742077499,0.05000000000000001,0.05,0.05000000000000002,30,2.5770405001214727e-18,1.0,1.0,1.0,30,2.4967608264692335e-17,0.0,0.0,0.0,30,0.0
n_dim_2,Population score weighted,0.0024780377146856073,0.0024010046211893365,0.002555070808181878,30,3.766476483097671e-05,0.05000000000000001,0.05,0.05000000000000002,30,2.5770405001214727e-18,1.0,1.0,1.0,30,2.4967608264692335e-17,0.0,0.0,0.0,30,0.0
n_dim_2,Sortition,0.09092941454937883,0.08708556201216823,0.09477326708658944,30,0.001879423443717717,0.04813333333333335,0.04553196702462623,0.050734699642040464,30,0.0012719189352225942,0.49381333333333344,0.48453491571447876,0.5030917509521882,30,0.004536614093456726,0.34428935185189385,0.33747441685809637,0.35110428684569134,30,0.0033321123718366694
n_dim_2,Sortition + deliberation,0.10874896236833335,0.10358146602183729,0.11391645871482942,30,0.002526609354785,0.052666666666666674,0.04896970097199981,0.056363632361333536,30,0.0018076042017520235,0.49398666666666674,0.48517592023543155,0.5027974130979019,30,0.0043079497039010305,0.344196137514011,0.33808818615833175,0.3503040888696903,30,0.0029864379186828618
n_dim_2,Voter-aggregated election,0.05595659963121502,0.05167303808391532,0.060240161178514724,30,0.0020944159321067413,0.010933333333333335,0.007748329513104104,0.014118337153562565,30,0.001557284206436596,0.2848933333333334,0.2786491568233375,0.29113750984332926,30,0.003053044206558934,0.5263007958322574,0.519625876541373,0.5329757151231418,30,0.0032636527230868588
n_dim_20,Appeal-based selection baseline,3.6463631314952636,3.508980570257786,3.783745692732741,30,0.06717219348249774,0.7229333333333333,0.7116879118383304,0.7341787548283363,30,0.005498366180179436,0.05906666666666667,0.057929607046844425,0.060203726286488915,30,0.0005559569431218252,0.8380832212122803,0.8359697501701953,0.8401966922543653,30,0.0010333661308962881
n_dim_20,Autocracy,17.690300941126488,15.58023695175164,19.800364930501335,30,1.0317002775172655,0.044000000000000004,0.013528342479078432,0.07447165752092158,30,0.014898892962037577,0.016759999999999997,0.015625638516427443,0.01789436148357255,30,0.0005546377092352692,0.9398882567394352,0.936723549601558,0.9430529638773124,30,0.001547360292791922
n_dim_20,Direct public-indicator policy,0.0,0.0,0.0,30,0.0,0.0,0.0,0.0,30,0.0,0.0,0.0,0.0,30,0.0,1.0,1.0,1.0,30,0.0
n_dim_20,PKD,0.31826041883532025,0.31150302843923156,0.32501780923140894,30,0.0033039763637702185,0.012533333333333336,0.003881833088855662,0.021184833577811008,30,0.004230087451429733,0.2064,0.1996525874853906,0.2131474125146094,30,0.0032990977519636346,0.6142643555434155,0.6062859185308651,0.6222427925559659,30,0.003900998131550004
n_dim_20,Population equal mean,0.18589934960929103,0.1842478710123475,0.18755082820623456,30,0.0008074783207334173,0.05000000000000001,0.05,0.05000000000000002,30,2.5770405001214727e-18,1.0,1.0,1.0,30,7.528017138778268e-18,0.0,0.0,0.0,30,0.0
n_dim_20,Population score weighted,0.09702653656043428,0.09625352871724567,0.09779954440362289,30,0.00037795650291012943,0.05000000000000001,0.05,0.05000000000000002,30,2.5770405001214727e-18,1.0,1.0,1.0,30,7.528017138778268e-18,0.0,0.0,0.0,30,0.0
n_dim_20,Sortition,1.8413879609349655,1.8183083163652685,1.8644676055046625,30,0.011284622564745439,0.04813333333333335,0.04553196702462623,0.050734699642040464,30,0.0012719189352225942,0.15024666666666667,0.14723398719752717,0.15325934613580616,30,0.0014730274816464974,0.6880019742344692,0.6842212040871305,0.6917827443818079,30,0.0018485797728788325
n_dim_20,Sortition + deliberation,1.8530737641480355,1.8241684818845283,1.8819790464115427,30,0.01413302529361232,0.052666666666666674,0.04896970097199981,0.056363632361333536,30,0.0018076042017520235,0.14958666666666667,0.1464068237389117,0.15276650959442165,30,0.0015547608259966024,0.6887825677831629,0.6847420739259207,0.6928230616404052,30,0.0019755697717293475
n_dim_20,Voter-aggregated election,1.4437170701029942,1.385106493130184,1.5023276470758045,30,0.02865721079208146,0.1610666666666667,0.1459210641979404,0.17621226913539298,30,0.007405330998886217,0.07498666666666667,0.07186129994050515,0.0781120333928282,30,0.0015281250876564077,0.8089052972223209,0.8033537091791711,0.8144568852654706,30,0.0027144081665864757
regime_change_prob_0,Appeal-based selection baseline,2.2092187164780674,2.0702061683883586,2.3482312645677763,30,0.0679691635726298,0.7242666666666667,0.7087795270705933,0.7397538062627401,30,0.0075723230668238465,0.06750666666666666,0.06542973637116295,0.06958359696217037,30,0.001015499801449166,0.8239254497323856,0.820451393174442,0.8273995062903291,30,0.001698614417851341
regime_change_prob_0,Autocracy,8.384582817582046,7.3461224526355355,9.423043182528557,30,0.5077475622070661,0.044000000000000004,0.013528342479078432,0.07447165752092158,30,0.014898892962037577,0.021226666666666668,0.019377310071469613,0.023076023261863723,30,0.0009042293134714203,0.9273350807338243,0.922308161310843,0.9323620001568056,30,0.002457875301347292
regime_change_prob_0,Direct public-indicator policy,0.0,0.0,0.0,30,0.0,0.0,0.0,0.0,30,0.0,0.0,0.0,0.0,30,0.0,1.0,1.0,1.0,30,0.0
regime_change_prob_0,PKD,0.13442683656310167,0.1316209221333567,0.13723275099284665,30,0.0013719312354670578,0.011066666666666667,0.0014912808808687263,0.02064205245246461,30,0.004681814495810366,0.2602866666666667,0.25283337429631964,0.2677399590370138,30,0.0036442325188358955,0.5515248776486099,0.5436486012389571,0.5594011540582627,30,0.0038510474556977554
regime_change_prob_0,Population equal mean,0.08755949703923922,0.08671960146457966,0.08839939261389879,30,0.00041066076755261085,0.05000000000000001,0.05,0.05000000000000002,30,2.5770405001214727e-18,1.0,1.0,1.0,30,1.0646223935437328e-17,0.0,0.0,0.0,30,0.0
regime_change_prob_0,Population score weighted,0.03153861800866986,0.0312183125364933,0.03185892348084642,30,0.00015661100620591303,0.05000000000000001,0.05,0.05000000000000002,30,2.5770405001214727e-18,1.0,1.0,1.0,30,1.0646223935437328e-17,0.0,0.0,0.0,30,0.0
regime_change_prob_0,Sortition,0.8696402660810049,0.8556592534574291,0.8836212787045806,30,0.006835913354451843,0.04813333333333335,0.04553196702462623,0.050734699642040464,30,0.0012719189352225942,0.19352666666666668,0.18864914738911107,0.1984041859442223,30,0.002384827198411559,0.6321792248604257,0.6264577840688925,0.6379006656519588,30,0.002797456419400882
regime_change_prob_0,Sortition + deliberation,0.9220646273134698,0.9058745880214003,0.9382546666055394,30,0.007916000706496248,0.052666666666666674,0.04896970097199981,0.056363632361333536,30,0.0018076042017520235,0.19329999999999994,0.18850233866124785,0.19809766133875203,30,0.0023457812462317137,0.6323337352048716,0.6265566878834601,0.6381107825262831,30,0.00282464482344748
regime_change_prob_0,Voter-aggregated election,0.6845776746658345,0.6562632421824087,0.7128921071492603,30,0.01384413363670027,0.1186666666666667,0.10458767463673706,0.13274565869659635,30,0.006883819664988081,0.09869333333333333,0.0944552836302327,0.10293138303643395,30,0.0020721632504217585,0.7684296845821134,0.7615875412253356,0.7752718279388912,30,0.003345415700920013
regime_change_prob_0.1,Appeal-based selection baseline,2.2092187164780674,2.0702061683883586,2.3482312645677763,30,0.06796916357262979,0.7242666666666667,0.7087795270705933,0.7397538062627401,30,0.0075723230668238465,0.06750666666666666,0.06542973637116295,0.06958359696217037,30,0.001015499801449166,0.8239254497323856,0.820451393174442,0.8273995062903291,30,0.001698614417851341
regime_change_prob_0.1,Autocracy,8.384582817582046,7.3461224526355355,9.423043182528557,30,0.5077475622070661,0.044000000000000004,0.013528342479078432,0.07447165752092158,30,0.014898892962037577,0.021226666666666668,0.019377310071469613,0.023076023261863723,30,0.0009042293134714203,0.9273350807338243,0.922308161310843,0.9323620001568056,30,0.002457875301347292
regime_change_prob_0.1,Direct public-indicator policy,0.0,0.0,0.0,30,0.0,0.0,0.0,0.0,30,0.0,0.0,0.0,0.0,30,0.0,1.0,1.0,1.0,30,0.0
regime_change_prob_0.1,PKD,0.13442683656310167,0.1316209221333567,0.13723275099284665,30,0.0013719312354670582,0.011066666666666667,0.0014912808808687263,0.02064205245246461,30,0.004681814495810366,0.2602866666666667,0.25283337429631964,0.2677399590370138,30,0.0036442325188358955,0.5515248776486099,0.5436486012389571,0.5594011540582627,30,0.0038510474556977554
regime_change_prob_0.1,Population equal mean,0.08755949703923924,0.08671960146457967,0.0883993926138988,30,0.000410660767552611,0.05000000000000001,0.05,0.05000000000000002,30,2.5770405001214727e-18,1.0,1.0,1.0,30,1.0646223935437328e-17,0.0,0.0,0.0,30,0.0
regime_change_prob_0.1,Population score weighted,0.03153861800866986,0.0312183125364933,0.03185892348084642,30,0.00015661100620591295,0.05000000000000001,0.05,0.05000000000000002,30,2.5770405001214727e-18,1.0,1.0,1.0,30,1.0646223935437328e-17,0.0,0.0,0.0,30,0.0
regime_change_prob_0.1,Sortition,0.8696402660810046,0.8556592534574289,0.8836212787045804,30,0.006835913354451844,0.04813333333333335,0.04553196702462623,0.050734699642040464,30,0.0012719189352225942,0.19352666666666668,0.18864914738911107,0.1984041859442223,30,0.002384827198411559,0.6321792248604257,0.6264577840688925,0.6379006656519588,30,0.002797456419400882
regime_change_prob_0.1,Sortition + deliberation,0.9220646273134699,0.9058745880214004,0.9382546666055395,30,0.007916000706496243,0.052666666666666674,0.04896970097199981,0.056363632361333536,30,0.0018076042017520235,0.19329999999999994,0.18850233866124785,0.19809766133875203,30,0.0023457812462317137,0.6323337352048716,0.6265566878834601,0.6381107825262831,30,0.00282464482344748
regime_change_prob_0.1,Voter-aggregated election,0.6845776746658345,0.6562632421824087,0.7128921071492603,30,0.01384413363670027,0.1186666666666667,0.10458767463673706,0.13274565869659635,30,0.006883819664988081,0.09869333333333333,0.0944552836302327,0.10293138303643395,30,0.0020721632504217585,0.7684296845821134,0.7615875412253356,0.7752718279388912,30,0.003345415700920013
demagogue_bias_norm_0,Appeal-based selection baseline,1.1597035761782273,1.1230569447774177,1.1963502075790369,30,0.01791810105128124,0.7242666666666667,0.7087795270705933,0.7397538062627401,30,0.0075723230668238465,0.06750666666666666,0.06542973637116295,0.06958359696217037,30,0.001015499801449166,0.8239254497323856,0.820451393174442,0.8273995062903291,30,0.001698614417851341
demagogue_bias_norm_0,Autocracy,8.084712728654663,7.078117380049347,9.09130807725998,30,0.4921673966917812,0.044000000000000004,0.013528342479078432,0.07447165752092158,30,0.014898892962037577,0.021226666666666668,0.019377310071469613,0.023076023261863723,30,0.0009042293134714203,0.9273350807338243,0.922308161310843,0.9323620001568056,30,0.002457875301347292
demagogue_bias_norm_0,Direct public-indicator policy,0.0,0.0,0.0,30,0.0,0.0,0.0,0.0,30,0.0,0.0,0.0,0.0,30,0.0,1.0,1.0,1.0,30,0.0
demagogue_bias_norm_0,PKD,0.13432646016234306,0.13151556018798494,0.1371373601367012,30,0.0013743688808592652,0.011066666666666667,0.0014912808808687263,0.02064205245246461,30,0.004681814495810366,0.2602866666666667,0.25283337429631964,0.2677399590370138,30,0.0036442325188358955,0.5515248776486099,0.5436486012389571,0.5594011540582627,30,0.0038510474556977554
demagogue_bias_norm_0,Population equal mean,0.08430409341347597,0.08356277478817922,0.08504541203877272,30,0.0003624622927544338,0.05000000000000001,0.05,0.05000000000000002,30,2.5770405001214727e-18,1.0,1.0,1.0,30,1.0646223935437328e-17,0.0,0.0,0.0,30,0.0
demagogue_bias_norm_0,Population score weighted,0.03138565350607284,0.03106955426057199,0.0317017527515737,30,0.00015455440259081843,0.05000000000000001,0.05,0.05000000000000002,30,2.5770405001214727e-18,1.0,1.0,1.0,30,1.0646223935437328e-17,0.0,0.0,0.0,30,0.0
demagogue_bias_norm_0,Sortition,0.8401132181220603,0.8266739395766185,0.8535524966675021,30,0.006571036458980564,0.04813333333333335,0.04553196702462623,0.050734699642040464,30,0.0012719189352225942,0.19352666666666668,0.18864914738911107,0.1984041859442223,30,0.002384827198411559,0.6321792248604257,0.6264577840688925,0.6379006656519588,30,0.002797456419400882
demagogue_bias_norm_0,Sortition + deliberation,0.8852721771101708,0.869024751425753,0.9015196027945886,30,0.007944059361214546,0.052666666666666674,0.04896970097199981,0.056363632361333536,30,0.0018076042017520235,0.19329999999999994,0.18850233866124785,0.19809766133875203,30,0.0023457812462317137,0.6323337352048716,0.6265566878834601,0.6381107825262831,30,0.00282464482344748
demagogue_bias_norm_0,Voter-aggregated election,0.5841942710725714,0.5671410379751921,0.6012475041699507,30,0.00833805297267093,0.22213333333333335,0.20433589530096632,0.23993077136570037,30,0.00870192650533286,0.09553333333333333,0.09176184423773265,0.09930482242893401,30,0.0018440418708521606,0.7738936677302984,0.7676744900674053,0.7801128453931916,30,0.003040821204022842
demagogue_bias_norm_3,Appeal-based selection baseline,5.3598491936347115,4.798442344390197,5.921256042879226,30,0.27449575230050766,0.7242666666666667,0.7087795270705933,0.7397538062627401,30,0.0075723230668238465,0.06750666666666666,0.06542973637116295,0.06958359696217037,30,0.001015499801449166,0.8239254497323856,0.820451393174442,0.8273995062903291,30,0.001698614417851341
demagogue_bias_norm_3,Autocracy,9.24845290650943,7.926888022763165,10.570017790255696,30,0.6461694357060938,0.044000000000000004,0.013528342479078432,0.07447165752092158,30,0.014898892962037577,0.021226666666666668,0.019377310071469613,0.023076023261863723,30,0.0009042293134714203,0.9273350807338243,0.922308161310843,0.9323620001568056,30,0.002457875301347292
demagogue_bias_norm_3,Direct public-indicator policy,0.0,0.0,0.0,30,0.0,0.0,0.0,0.0,30,0.0,0.0,0.0,0.0,30,0.0,1.0,1.0,1.0,30,0.0
demagogue_bias_norm_3,PKD,0.13449424173384245,0.13170157062563015,0.13728691284205474,30,0.0013654560107490771,0.011066666666666667,0.0014912808808687263,0.02064205245246461,30,0.004681814495810366,0.2602866666666667,0.25283337429631964,0.2677399590370138,30,0.0036442325188358955,0.5515248776486099,0.5436486012389571,0.5594011540582627,30,0.0038510474556977554
demagogue_bias_norm_3,Population equal mean,0.09722100891649897,0.09518033614361876,0.09926168168937918,30,0.0009977719522743947,0.05000000000000001,0.05,0.05000000000000002,30,2.5770405001214727e-18,1.0,1.0,1.0,30,1.0646223935437328e-17,0.0,0.0,0.0,30,0.0
demagogue_bias_norm_3,Population score weighted,0.031568403303868155,0.031248034988335085,0.03188877161940122,30,0.00015664173300314495,0.05000000000000001,0.05,0.05000000000000002,30,2.5770405001214727e-18,1.0,1.0,1.0,30,1.0646223935437328e-17,0.0,0.0,0.0,30,0.0
demagogue_bias_norm_3,Sortition,0.9628595376012662,0.9457339566585206,0.9799851185440118,30,0.008373426919867828,0.04813333333333335,0.04553196702462623,0.050734699642040464,30,0.0012719189352225942,0.19352666666666668,0.18864914738911107,0.1984041859442223,30,0.002384827198411559,0.6321792248604257,0.6264577840688925,0.6379006656519588,30,0.002797456419400882
demagogue_bias_norm_3,Sortition + deliberation,1.0228691028147674,1.0050512210913234,1.0406869845382114,30,0.008711922297812995,0.052666666666666674,0.04896970097199981,0.056363632361333536,30,0.0018076042017520235,0.19329999999999994,0.18850233866124785,0.19809766133875203,30,0.0023457812462317137,0.6323337352048716,0.6265566878834601,0.6381107825262831,30,0.00282464482344748
demagogue_bias_norm_3,Voter-aggregated election,0.5968578260981686,0.5630486018486717,0.6306670503476656,30,0.016530771681091856,0.022933333333333344,0.01681967736835436,0.02904698929831233,30,0.0029892271454680496,0.10216,0.09790751397905896,0.10641248602094104,30,0.0020792217819152452,0.7623813705720703,0.7556083103598502,0.7691544307842905,30,0.003311638005186224
demagogue_fraction_0.15,Appeal-based selection baseline,2.2982621742697917,2.2252163563305603,2.371307992209023,30,0.03571521575594878,0.9146666666666666,0.9033435281971998,0.9259898051361335,30,0.005536365323582666,0.09419999999999999,0.09092651611467496,0.09747348388532502,30,0.001600545883889862,0.77503330497218,0.7694891744969427,0.7805774354474174,30,0.002710761843572812
demagogue_fraction_0.15,Autocracy,8.922882140543758,7.828343808215795,10.01742047287172,30,0.5351664721554746,0.15600000000000003,0.10332366940291007,0.20867633059708998,30,0.025755704646525986,0.019186666666666668,0.017773776718998015,0.02059955661433532,30,0.0006908221544233694,0.9328424694383376,0.9289570135591745,0.9367279253175007,30,0.001899765091958822
demagogue_fraction_0.15,Direct public-indicator policy,0.0,0.0,0.0,30,0.0,0.0,0.0,0.0,30,0.0,0.0,0.0,0.0,30,0.0,1.0,1.0,1.0,30,0.0
demagogue_fraction_0.15,PKD,0.13865671144518082,0.13529555939062363,0.14201786349973802,30,0.0016434105908284698,0.1346,0.11278790534051052,0.15641209465948946,30,0.010664863353312485,0.25867333333333337,0.25360424043452345,0.2637424262321433,30,0.0024784957123563053,0.5531296481352438,0.5481703293516738,0.5580889669188138,30,0.0024248224656076354
demagogue_fraction_0.15,Population equal mean,0.08896022715006226,0.08701203627081265,0.09090841802931186,30,0.0009525536101745995,0.15000000000000002,0.15000000000000002,0.15000000000000002,30,5.1540810002429455e-18,1.0,1.0,1.0,30,0.0,0.0,0.0,0.0,30,0.0
demagogue_fraction_0.15,Population score weighted,0.033102946929137254,0.03272141986222165,0.03348447399605286,30,0.00018654485494243038,0.15000000000000002,0.15000000000000002,0.15000000000000002,30,5.1540810002429455e-18,1.0,1.0,1.0,30,0.0,0.0,0.0,0.0,30,0.0
demagogue_fraction_0.15,Sortition,0.896829432679344,0.8818043762331162,0.9118544891255718,30,0.007346390907262678,0.1466,0.14144772314221654,0.15175227685778347,30,0.0025191678976502784,0.1918,0.18726257101979005,0.19633742898020995,30,0.0022185425473681495,0.634810566493823,0.6295032311438854,0.6401179018437605,30,0.002594982607626974
demagogue_fraction_0.15,Sortition + deliberation,0.9374942766283347,0.9273840105240126,0.9476045427326568,30,0.004943340295899197,0.15239999999999998,0.147027531740858,0.15777246825914196,30,0.002626828864821131,0.19304,0.18809816412887284,0.19798183587112714,30,0.002416274324077339,0.6332389856439665,0.6274188125938335,0.6390591586940996,30,0.002845730831508923
demagogue_fraction_0.15,Voter-aggregated election,0.8376509473141126,0.7954162470698232,0.879885647558402,30,0.02065034623703593,0.22666666666666668,0.2083637668738443,0.24496956645948906,30,0.00894906831769594,0.10538666666666666,0.10159145874004918,0.10918187459328413,30,0.0018556390189318549,0.757556283488701,0.7516857438114147,0.7634268231659872,30,0.0028703572236340987
demagogue_fraction_0.3,Appeal-based selection baseline,2.3892504690911656,2.325744314672168,2.452756623510163,30,0.031050867399308315,0.9685333333333335,0.9635759189939204,0.9734907476727466,30,0.0024238913016357785,0.15303999999999998,0.1489394727099077,0.15714052729009226,30,0.002004922677443879,0.685470792279779,0.679984795329415,0.690956789230143,30,0.0026823378838981477
demagogue_fraction_0.3,Autocracy,9.439212633037767,8.470695990517893,10.407729275557642,30,0.4735490932499563,0.3106666666666667,0.24075419492480338,0.38057913840853,30,0.03418318916449925,0.022600000000000006,0.020324387196873003,0.024875612803127008,30,0.0011126441531299452,0.9247849706179133,0.9188677371245991,0.9307022041112275,30,0.0028931878217567197
demagogue_fraction_0.3,Direct public-indicator policy,0.0,0.0,0.0,30,0.0,0.0,0.0,0.0,30,0.0,0.0,0.0,0.0,30,0.0,1.0,1.0,1.0,30,0.0
demagogue_fraction_0.3,PKD,0.15188778707884257,0.14848932217373767,0.15528625198394747,30,0.0016616544348345512,0.3837999999999999,0.3638336591443001,0.40376634085569973,30,0.009762395598217271,0.30599333333333334,0.2987399421474517,0.313246724519215,30,0.003546492304071059,0.5124526782126876,0.5056199001720038,0.5192854562533714,30,0.003340836598455891
demagogue_fraction_0.3,Population equal mean,0.09144618189044408,0.08852853605221389,0.09436382772867427,30,0.0014265614863608912,0.30000000000000004,0.30000000000000004,0.30000000000000004,30,1.0308162000485891e-17,1.0,1.0,1.0,30,1.5056034277556537e-17,0.0,0.0,0.0,30,0.0
demagogue_fraction_0.3,Population score weighted,0.03585914370151715,0.035493442985339185,0.03622484441769512,30,0.0001788066770813196,0.30000000000000004,0.30000000000000004,0.30000000000000004,30,1.0308162000485891e-17,1.0,1.0,1.0,30,1.5056034277556537e-17,0.0,0.0,0.0,30,0.0
demagogue_fraction_0.3,Sortition,0.9381398866214525,0.9251657972989847,0.9511139759439203,30,0.006343585607794559,0.2996666666666667,0.2923571005975866,0.30697623273574676,30,0.0035739586002958043,0.22009999999999996,0.2156023010213689,0.22459769897863102,30,0.0021991168551327,0.6054180727694746,0.60038019187407,0.6104559536648791,30,0.0024632348327160115
demagogue_fraction_0.3,Sortition + deliberation,0.9939784316804783,0.9823136390751255,1.005643224285831,30,0.005703414601985272,0.3073333333333333,0.29877031514356,0.3158963515231066,30,0.0041868248011719825,0.2209866666666667,0.2163761633196105,0.2255971700137229,30,0.0022542717219023504,0.6046492832815602,0.5996405755686236,0.6096579909944968,30,0.0024489708195866047
demagogue_fraction_0.3,Voter-aggregated election,0.946686699711913,0.9052432765078307,0.9881301229159953,30,0.020263457144531895,0.30346666666666666,0.28677096873128216,0.32016236460205116,30,0.008163238783286338,0.12068000000000002,0.11715586892433046,0.12420413107566959,30,0.0017230979852192582,0.7358117545610624,0.7303758892685722,0.7412476198535526,30,0.0026578263782749923
independent_herding,Appeal-based selection baseline,1.055161905804155,0.9960451791294518,1.1142786324788583,30,0.028904688968353763,0.7242666666666667,0.7087795270705933,0.7397538062627401,30,0.0075723230668238465,0.06750666666666666,0.06542973637116295,0.06958359696217037,30,0.001015499801449166,0.8239254497323856,0.820451393174442,0.8273995062903291,30,0.001698614417851341
independent_herding,Autocracy,7.9451368359229475,6.924868451894927,8.965405219950968,30,0.4988527268576628,0.044000000000000004,0.013528342479078432,0.07447165752092158,30,0.014898892962037577,0.021226666666666668,0.019377310071469613,0.023076023261863723,30,0.0009042293134714203,0.9273350807338243,0.922308161310843,0.9323620001568056,30,0.002457875301347292
independent_herding,Direct public-indicator policy,0.0,0.0,0.0,30,0.0,0.0,0.0,0.0,30,0.0,0.0,0.0,0.0,30,0.0,1.0,1.0,1.0,30,0.0
independent_herding,PKD,0.20926276659604354,0.201193630095055,0.21733190309703207,30,0.003945344979732589,0.07493333333333334,0.06854583861566438,0.0813208280510023,30,0.003123118590735991,0.2592333333333333,0.2517751811889896,0.266691485477677,30,0.00364660866960962,0.5535418147776957,0.545705583370086,0.5613780461853054,30,0.0038314677463007697
independent_herding,Population equal mean,0.08396963370435676,0.08324377654030547,0.08469549086840804,30,0.0003549025249283883,0.05000000000000001,0.05,0.05000000000000002,30,2.5770405001214727e-18,1.0,1.0,1.0,30,1.0646223935437328e-17,0.0,0.0,0.0,30,0.0
independent_herding,Population score weighted,0.037000625739640844,0.035536089986921406,0.03846516149236028,30,0.0007160739911789386,0.05000000000000001,0.05,0.05000000000000002,30,2.5770405001214727e-18,1.0,1.0,1.0,30,1.0646223935437328e-17,0.0,0.0,0.0,30,0.0
independent_herding,Sortition,0.8259739867218595,0.8128746654195008,0.8390733080242182,30,0.0064048168638408155,0.04813333333333335,0.04553196702462623,0.050734699642040464,30,0.0012719189352225942,0.19352666666666668,0.18864914738911107,0.1984041859442223,30,0.002384827198411559,0.6321792248604257,0.6264577840688925,0.6379006656519588,30,0.002797456419400882
independent_herding,Sortition + deliberation,0.8630571712790089,0.8464095782106849,0.879704764347333,30,0.008139718262133371,0.052666666666666674,0.04896970097199981,0.056363632361333536,30,0.0018076042017520235,0.19329999999999994,0.18850233866124785,0.19809766133875203,30,0.0023457812462317137,0.6323337352048716,0.6265566878834601,0.6381107825262831,30,0.00282464482344748
independent_herding,Voter-aggregated election,0.5257725571022581,0.5061983190344989,0.5453467951700174,30,0.009570679822216847,0.2717333333333334,0.25390480100866336,0.2895618656580034,30,0.008717129830994914,0.09313333333333333,0.08910788196130232,0.09715878470536435,30,0.001968214859155567,0.7780474225253001,0.7713480711764704,0.7847467738741298,30,0.003275598598230685
coordinated_herding,Appeal-based selection baseline,1.0939865960459094,1.0380880816327869,1.149885110459032,30,0.027331167738618007,0.7242666666666667,0.7087795270705933,0.7397538062627401,30,0.0075723230668238465,0.06750666666666666,0.06542973637116295,0.06958359696217037,30,0.001015499801449166,0.8239254497323856,0.820451393174442,0.8273995062903291,30,0.001698614417851341
coordinated_herding,Autocracy,7.9531548877464235,6.928620758342577,8.97768901715027,30,0.5009384317036855,0.044000000000000004,0.013528342479078432,0.07447165752092158,30,0.014898892962037577,0.021226666666666668,0.019377310071469613,0.023076023261863723,30,0.0009042293134714203,0.9273350807338243,0.922308161310843,0.9323620001568056,30,0.002457875301347292
coordinated_herding,Direct public-indicator policy,0.0,0.0,0.0,30,0.0,0.0,0.0,0.0,30,0.0,0.0,0.0,0.0,30,0.0,1.0,1.0,1.0,30,0.0
coordinated_herding,PKD,0.2128884884298853,0.2028065193721778,0.2229704574875928,30,0.004929504662955274,0.07559999999999999,0.06933819181028794,0.08186180818971203,30,0.0030616650867539828,0.2591866666666667,0.2517555659932007,0.26661776734013265,30,0.0036333820517665937,0.5536078365314606,0.5458218746900713,0.56139379837285,30,0.0038068888114052295
coordinated_herding,Population equal mean,0.08410445159991825,0.0833567528498769,0.0848521503499596,30,0.00036558180785101446,0.05000000000000001,0.05,0.05000000000000002,30,2.5770405001214727e-18,1.0,1.0,1.0,30,1.0646223935437328e-17,0.0,0.0,0.0,30,0.0
coordinated_herding,Population score weighted,0.037653889228993674,0.03621444590407546,0.03909333255391189,30,0.0007038052330481607,0.05000000000000001,0.05,0.05000000000000002,30,2.5770405001214727e-18,1.0,1.0,1.0,30,1.0646223935437328e-17,0.0,0.0,0.0,30,0.0
coordinated_herding,Sortition,0.8259175718991194,0.8124735602925633,0.8393615835056755,30,0.006573350654421868,0.04813333333333335,0.04553196702462623,0.050734699642040464,30,0.0012719189352225942,0.19352666666666668,0.18864914738911107,0.1984041859442223,30,0.002384827198411559,0.6321792248604257,0.6264577840688925,0.6379006656519588,30,0.002797456419400882
coordinated_herding,Sortition + deliberation,0.8629750600038688,0.8464548038856864,0.8794953161220512,30,0.008077457796355613,0.052666666666666674,0.04896970097199981,0.056363632361333536,30,0.0018076042017520235,0.19329999999999994,0.18850233866124785,0.19809766133875203,30,0.0023457812462317137,0.6323337352048716,0.6265566878834601,0.6381107825262831,30,0.00282464482344748
coordinated_herding,Voter-aggregated election,0.5253469341476545,0.5070995130926954,0.5435943552026137,30,0.008921942396615786,0.27040000000000003,0.25316976953111964,0.2876302304688804,30,0.008424594536441992,0.09332,0.08928194274638425,0.09735805725361575,30,0.00197437841229652,0.7777482407894438,0.7710504514148216,0.784446030164066,30,0.003274834882423218
indicator_targeting_0,Appeal-based selection baseline,0.36113284509542404,0.3200432285035645,0.4022224616872836,30,0.02009046600215148,0.7242666666666667,0.7087795270705933,0.7397538062627401,30,0.0075723230668238465,0.06750666666666666,0.06542973637116295,0.06958359696217037,30,0.001015499801449166,0.8239254497323856,0.820451393174442,0.8273995062903291,30,0.001698614417851341
indicator_targeting_0,Autocracy,7.842661562667857,6.817949154835713,8.867373970500001,30,0.5010255996307605,0.044000000000000004,0.013528342479078432,0.07447165752092158,30,0.014898892962037577,0.021226666666666668,0.019377310071469613,0.023076023261863723,30,0.0009042293134714203,0.9273350807338243,0.922308161310843,0.9323620001568056,30,0.002457875301347292
indicator_targeting_0,Direct public-indicator policy,0.0,0.0,0.0,30,0.0,0.0,0.0,0.0,30,0.0,0.0,0.0,0.0,30,0.0,1.0,1.0,1.0,30,0.0
indicator_targeting_0,PKD,0.010574762390965227,0.009480679713716427,0.011668845068214027,30,0.0005349436829538238,0.4907333333333333,0.4903180658169607,0.4911486008497059,30,0.0002030419996942662,0.23046000000000003,0.22305385850404308,0.23786614149595697,30,0.003621178445386716,0.5965377326031966,0.589576810947863,0.6034986542585303,30,0.003403491476915542
indicator_targeting_0,Population equal mean,0.08149292085811789,0.08083412455818292,0.08215171715805286,30,0.0003221136083515794,0.05000000000000001,0.05,0.05000000000000002,30,2.5770405001214727e-18,1.0,1.0,1.0,30,1.0646223935437328e-17,0.0,0.0,0.0,30,0.0
indicator_targeting_0,Population score weighted,0.01476472587180444,0.014632658404929959,0.014896793338678922,30,6.457341716246815e-05,0.05000000000000001,0.05,0.05000000000000002,30,2.5770405001214727e-18,1.0,1.0,1.0,30,1.0646223935437328e-17,0.0,0.0,0.0,30,0.0
indicator_targeting_0,Sortition,0.8137686859872422,0.800411760724926,0.8271256112495583,30,0.006530770426536532,0.04813333333333335,0.04553196702462623,0.050734699642040464,30,0.0012719189352225942,0.19352666666666668,0.18864914738911107,0.1984041859442223,30,0.002384827198411559,0.6321792248604257,0.6264577840688925,0.6379006656519588,30,0.002797456419400882
indicator_targeting_0,Sortition + deliberation,0.8448078239750227,0.8278847237333122,0.8617309242167333,30,0.008274425469437088,0.052666666666666674,0.04896970097199981,0.056363632361333536,30,0.0018076042017520235,0.19329999999999994,0.18850233866124785,0.19809766133875203,30,0.0023457812462317137,0.6323337352048716,0.6265566878834601,0.6381107825262831,30,0.00282464482344748
indicator_targeting_0,Voter-aggregated election,0.30163770663555856,0.2826184025168667,0.3206570107542504,30,0.009299348946878687,0.3266666666666667,0.30782120839438115,0.3455121249389523,30,0.009214348298137366,0.09144,0.08771416778559268,0.0951658322144073,30,0.0018217182743949093,0.781230948179275,0.7750391836801032,0.7874227126784468,30,0.0030274177391225706
indicator_targeting_0.5,Appeal-based selection baseline,1.8648304597029606,1.8280390434371878,1.9016218759687333,30,0.017988892546759627,0.7242666666666667,0.7087795270705933,0.7397538062627401,30,0.0075723230668238465,0.06750666666666666,0.06542973637116295,0.06958359696217037,30,0.001015499801449166,0.8239254497323856,0.820451393174442,0.8273995062903291,30,0.001698614417851341
indicator_targeting_0.5,Autocracy,7.956661281503909,6.942473005223427,8.97084955778439,30,0.4958799028665145,0.044000000000000004,0.013528342479078432,0.07447165752092158,30,0.014898892962037577,0.021226666666666668,0.019377310071469613,0.023076023261863723,30,0.0009042293134714203,0.9273350807338243,0.922308161310843,0.9323620001568056,30,0.002457875301347292
indicator_targeting_0.5,Direct public-indicator policy,2.5022154858755274,2.4811200217692777,2.523310949981777,30,0.010314472111920001,0.0,0.0,0.0,30,0.0,0.0,0.0,0.0,30,0.0,1.0,1.0,1.0,30,0.0
indicator_targeting_0.5,PKD,2.417261992794856,2.394960624761598,2.4395633608281138,30,0.010904089972998231,0.4907333333333333,0.4903180658169607,0.4911486008497059,30,0.0002030419996942662,0.23046000000000003,0.22305385850404308,0.23786614149595697,30,0.003621178445386716,0.5965377326031966,0.589576810947863,0.6034986542585303,30,0.003403491476915542
indicator_targeting_0.5,Population equal mean,0.08791674385760224,0.08711622395369771,0.08871726376150678,30,0.0003914083227689647,0.05000000000000001,0.05,0.05000000000000002,30,2.5770405001214727e-18,1.0,1.0,1.0,30,1.0646223935437328e-17,0.0,0.0,0.0,30,0.0
indicator_targeting_0.5,Population score weighted,1.7333643305869064,1.707238755709467,1.7594899054643458,30,0.012773907799515575,0.05000000000000001,0.05,0.05000000000000002,30,2.5770405001214727e-18,1.0,1.0,1.0,30,1.0646223935437328e-17,0.0,0.0,0.0,30,0.0
indicator_targeting_0.5,Sortition,0.8312176877444963,0.8174419555226504,0.8449934199663423,30,0.006735543010945683,0.04813333333333335,0.04553196702462623,0.050734699642040464,30,0.0012719189352225942,0.19352666666666668,0.18864914738911107,0.1984041859442223,30,0.002384827198411559,0.6321792248604257,0.6264577840688925,0.6379006656519588,30,0.002797456419400882
indicator_targeting_0.5,Sortition + deliberation,0.8726031122405634,0.8561816297172519,0.889024594763875,30,0.008029163173181713,0.052666666666666674,0.04896970097199981,0.056363632361333536,30,0.0018076042017520235,0.19329999999999994,0.18850233866124785,0.19809766133875203,30,0.0023457812462317137,0.6323337352048716,0.6265566878834601,0.6381107825262831,30,0.00282464482344748
indicator_targeting_0.5,Voter-aggregated election,0.7404093362240136,0.7068516122749802,0.7739670601730471,30,0.016407802457840622,0.37973333333333326,0.3605055906156764,0.3989610760509901,30,0.009401263467708584,0.08910666666666668,0.08532019494085846,0.0928931383924749,30,0.0018513675177618714,0.7853092958786209,0.7789578508051336,0.7916607409521081,30,0.0031054923821973567
indicator_targeting_1,Appeal-based selection baseline,6.362754094759492,6.181139587867505,6.544368601651478,30,0.08879907818204937,0.7242666666666667,0.7087795270705933,0.7397538062627401,30,0.0075723230668238465,0.06750666666666666,0.06542973637116295,0.06958359696217037,30,0.001015499801449166,0.8239254497323856,0.820451393174442,0.8273995062903291,30,0.001698614417851341
indicator_targeting_1,Autocracy,8.298660438012066,7.278828588654794,9.318492287369338,30,0.4986392864391608,0.044000000000000004,0.013528342479078432,0.07447165752092158,30,0.014898892962037577,0.021226666666666668,0.019377310071469613,0.023076023261863723,30,0.0009042293134714203,0.9273350807338243,0.922308161310843,0.9323620001568056,30,0.002457875301347292
indicator_targeting_1,Direct public-indicator policy,10.00886194350211,9.92448008707711,10.093243799927109,30,0.04125788844768002,0.0,0.0,0.0,30,0.0,0.0,0.0,0.0,30,0.0,1.0,1.0,1.0,30,0.0
indicator_targeting_1,PKD,9.853000424761145,9.761557813216328,9.944443036305962,30,0.044710192763226325,0.4907333333333333,0.4903180658169607,0.4911486008497059,30,0.0002030419996942662,0.23046000000000003,0.22305385850404308,0.23786614149595697,30,0.003621178445386716,0.5965377326031966,0.589576810947863,0.6034986542585303,30,0.003403491476915542
indicator_targeting_1,Population equal mean,0.10685164428646425,0.10579649392604727,0.10790679464688123,30,0.0005159080128120494,0.05000000000000001,0.05,0.05000000000000002,30,2.5770405001214727e-18,1.0,1.0,1.0,30,1.0646223935437328e-17,0.0,0.0,0.0,30,0.0
indicator_targeting_1,Population score weighted,9.867765118048963,9.783232250959486,9.95229798513844,30,0.041331724002067596,0.05000000000000001,0.05,0.05000000000000002,30,2.5770405001214727e-18,1.0,1.0,1.0,30,1.0646223935437328e-17,0.0,0.0,0.0,30,0.0
indicator_targeting_1,Sortition,0.8814033993481037,0.8657867099613343,0.8970200887348732,30,0.00763566548472513,0.04813333333333335,0.04553196702462623,0.050734699642040464,30,0.0012719189352225942,0.19352666666666668,0.18864914738911107,0.1984041859442223,30,0.002384827198411559,0.6321792248604257,0.6264577840688925,0.6379006656519588,30,0.002797456419400882
indicator_targeting_1,Sortition + deliberation,0.9382438665287317,0.9205036152306413,0.9559841178268221,30,0.008673965471961101,0.052666666666666674,0.04896970097199981,0.056363632361333536,30,0.0018076042017520235,0.19329999999999994,0.18850233866124785,0.19809766133875203,30,0.0023457812462317137,0.6323337352048716,0.6265566878834601,0.6381107825262831,30,0.00282464482344748
indicator_targeting_1,Voter-aggregated election,3.1691068695703963,2.979732330751713,3.3584814083890797,30,0.09259328875226419,0.5055999999999999,0.4860443137240228,0.5251556862759771,30,0.009561609059990477,0.08368,0.07989988931436398,0.08746011068563603,30,0.0018482573339266889,0.7952552169008947,0.7889993469702313,0.8015110868315581,30,0.003058761618641517
indicator_targeting_firewall_0,Appeal-based selection baseline,0.7180906317091723,0.6528796558334634,0.7833016075848812,30,0.031884427319227034,0.7242666666666667,0.7087795270705933,0.7397538062627401,30,0.0075723230668238465,0.06750666666666666,0.06542973637116295,0.06958359696217037,30,0.001015499801449166,0.8239254497323856,0.820451393174442,0.8273995062903291,30,0.001698614417851341
indicator_targeting_firewall_0,Autocracy,7.860770250251166,6.8369154488393304,8.884625051663003,30,0.5006062792754122,0.044000000000000004,0.013528342479078432,0.07447165752092158,30,0.014898892962037577,0.021226666666666668,0.019377310071469613,0.023076023261863723,30,0.0009042293134714203,0.9273350807338243,0.922308161310843,0.9323620001568056,30,0.002457875301347292
indicator_targeting_firewall_0,Direct public-indicator policy,0.0,0.0,0.0,30,0.0,0.0,0.0,0.0,30,0.0,0.0,0.0,0.0,30,0.0,1.0,1.0,1.0,30,0.0
indicator_targeting_firewall_0,PKD,0.32104465507678687,0.2777846888000035,0.3643046213535702,30,0.02115164252737564,0.35519999999999996,0.3365770341241991,0.37382296587580083,30,0.009105562276313093,0.23902,0.23204428453283807,0.24599571546716195,30,0.003410724802466616,0.5836750933028191,0.5769518341681142,0.5903983524375239,30,0.0032872881343994236
indicator_targeting_firewall_0,Population equal mean,0.08289104487407999,0.08217792235240907,0.0836041673957509,30,0.0003486760151428693,0.05000000000000001,0.05,0.05000000000000002,30,2.5770405001214727e-18,1.0,1.0,1.0,30,1.0646223935437328e-17,0.0,0.0,0.0,30,0.0
indicator_targeting_firewall_0,Population score weighted,0.054668748063743666,0.04991885691895169,0.05941863920853564,30,0.002322424361031133,0.05000000000000001,0.05,0.05000000000000002,30,2.5770405001214727e-18,1.0,1.0,1.0,30,1.0646223935437328e-17,0.0,0.0,0.0,30,0.0
indicator_targeting_firewall_0,Sortition,0.817086824251371,0.8039092308964222,0.8302644176063199,30,0.006443087408613749,0.04813333333333335,0.04553196702462623,0.050734699642040464,30,0.0012719189352225942,0.19352666666666668,0.18864914738911107,0.1984041859442223,30,0.002384827198411559,0.6321792248604257,0.6264577840688925,0.6379006656519588,30,0.002797456419400882
indicator_targeting_firewall_0,Sortition + deliberation,0.8490334466661548,0.8326711530478215,0.8653957402844881,30,0.0080002231931624,0.052666666666666674,0.04896970097199981,0.056363632361333536,30,0.0018076042017520235,0.19329999999999994,0.18850233866124785,0.19809766133875203,30,0.0023457812462317137,0.6323337352048716,0.6265566878834601,0.6381107825262831,30,0.00282464482344748
indicator_targeting_firewall_0,Voter-aggregated election,0.3933955129313594,0.3714411596061516,0.41534986625656717,30,0.010734419682238922,0.30826666666666663,0.29117390251027164,0.3253594308230616,30,0.008357381393402438,0.09126666666666668,0.08758455683191965,0.0949487765014137,30,0.0018003405382426532,0.7813790572627616,0.7752246688138739,0.7875334457116493,30,0.0030091429940698896
indicator_targeting_firewall_0.5,Appeal-based selection baseline,2.2051133126831624,2.125517605565177,2.2847090198011477,30,0.038917735924747066,0.7242666666666667,0.7087795270705933,0.7397538062627401,30,0.0075723230668238465,0.06750666666666666,0.06542973637116295,0.06958359696217037,30,0.001015499801449166,0.8239254497323856,0.820451393174442,0.8273995062903291,30,0.001698614417851341
indicator_targeting_firewall_0.5,Autocracy,7.97477685957708,6.960779134427488,8.988774584726672,30,0.49578673429171766,0.044000000000000004,0.013528342479078432,0.07447165752092158,30,0.014898892962037577,0.021226666666666668,0.019377310071469613,0.023076023261863723,30,0.0009042293134714203,0.9273350807338243,0.922308161310843,0.9323620001568056,30,0.002457875301347292
indicator_targeting_firewall_0.5,Direct public-indicator policy,2.5022154858755274,2.4811200217692777,2.523310949981777,30,0.010314472111920001,0.0,0.0,0.0,30,0.0,0.0,0.0,0.0,30,0.0,1.0,1.0,1.0,30,0.0
indicator_targeting_firewall_0.5,PKD,0.13945259677153526,0.1364012572319297,0.14250393631114083,30,0.0014919300389288925,0.0096,0.0008590064670625838,0.018340993532937416,30,0.004273844536999068,0.25918,0.2516558613919899,0.2667041386080101,30,0.0036788722659838683,0.5530720394989517,0.5451788376580281,0.5609652413398752,30,0.0038593230209067017
indicator_targeting_firewall_0.5,Population equal mean,0.08903687143307995,0.08830528746631719,0.08976845539984271,30,0.00035770260301913175,0.05000000000000001,0.05,0.05000000000000002,30,2.5770405001214727e-18,1.0,1.0,1.0,30,1.0646223935437328e-17,0.0,0.0,0.0,30,0.0
indicator_targeting_firewall_0.5,Population score weighted,0.03480812009361505,0.03441740065324648,0.035198839533983624,30,0.00019103939837344786,0.05000000000000001,0.05,0.05000000000000002,30,2.5770405001214727e-18,1.0,1.0,1.0,30,1.0646223935437328e-17,0.0,0.0,0.0,30,0.0
indicator_targeting_firewall_0.5,Sortition,0.8329812739415295,0.8190362592692468,0.8469262886138123,30,0.006818312420771129,0.04813333333333335,0.04553196702462623,0.050734699642040464,30,0.0012719189352225942,0.19352666666666668,0.18864914738911107,0.1984041859442223,30,0.002384827198411559,0.6321792248604257,0.6264577840688925,0.6379006656519588,30,0.002797456419400882
indicator_targeting_firewall_0.5,Sortition + deliberation,0.8737801280839719,0.8573591391510381,0.8902011170169056,30,0.008028921835794655,0.052666666666666674,0.04896970097199981,0.056363632361333536,30,0.0018076042017520235,0.19329999999999994,0.18850233866124785,0.19809766133875203,30,0.0023457812462317137,0.6323337352048716,0.6265566878834601,0.6381107825262831,30,0.00282464482344748
indicator_targeting_firewall_0.5,Voter-aggregated election,0.6611454316342548,0.6314291409954912,0.6908617222730183,30,0.014529561877352975,0.26693333333333336,0.24977319263249648,0.28409347403417023,30,0.008390324659554024,0.09376,0.09004574822587771,0.09747425177412228,30,0.0018160561032399144,0.7769772579699962,0.7707756276283962,0.7831788883115961,30,0.003032241570258585
indicator_targeting_firewall_1,Appeal-based selection baseline,6.6843543080528205,6.471394231179413,6.897314384926228,30,0.10412526421792885,0.7242666666666667,0.7087795270705933,0.7397538062627401,30,0.0075723230668238465,0.06750666666666666,0.06542973637116295,0.06958359696217037,30,0.001015499801449166,0.8239254497323856,0.820451393174442,0.8273995062903291,30,0.001698614417851341
indicator_targeting_firewall_1,Autocracy,8.317277935996149,7.295745103661991,9.338810768330307,30,0.4994709695625835,0.044000000000000004,0.013528342479078432,0.07447165752092158,30,0.014898892962037577,0.021226666666666668,0.019377310071469613,0.023076023261863723,30,0.0009042293134714203,0.9273350807338243,0.922308161310843,0.9323620001568056,30,0.002457875301347292
indicator_targeting_firewall_1,Direct public-indicator policy,10.00886194350211,9.92448008707711,10.093243799927109,30,0.04125788844768002,0.0,0.0,0.0,30,0.0,0.0,0.0,0.0,30,0.0,1.0,1.0,1.0,30,0.0
indicator_targeting_firewall_1,PKD,0.16086566973597832,0.15696085163139825,0.1647704878405584,30,0.0019092321097538146,0.0104,0.0011418541009962022,0.019658145899003797,30,0.0045267023850435115,0.2602866666666667,0.2527893290383429,0.26778400429499055,30,0.0036657681239676545,0.5516112303736957,0.5437211056643992,0.5595013550829923,30,0.003857818480016217
indicator_targeting_firewall_1,Population equal mean,0.10765197638516519,0.10676712317688582,0.10853682959344456,30,0.00043264247204860144,0.05000000000000001,0.05,0.05000000000000002,30,2.5770405001214727e-18,1.0,1.0,1.0,30,1.0646223935437328e-17,0.0,0.0,0.0,30,0.0
indicator_targeting_firewall_1,Population score weighted,0.039624920139994906,0.03921982196992359,0.04003001831006622,30,0.0001980697725703295,0.05000000000000001,0.05,0.05000000000000002,30,2.5770405001214727e-18,1.0,1.0,1.0,30,1.0646223935437328e-17,0.0,0.0,0.0,30,0.0
indicator_targeting_firewall_1,Sortition,0.8814151021903155,0.8651820379478831,0.8976481664327479,30,0.007937037439720022,0.04813333333333335,0.04553196702462623,0.050734699642040464,30,0.0012719189352225942,0.19352666666666668,0.18864914738911107,0.1984041859442223,30,0.002384827198411559,0.6321792248604257,0.6264577840688925,0.6379006656519588,30,0.002797456419400882
indicator_targeting_firewall_1,Sortition + deliberation,0.9362588745354649,0.918099336665222,0.9544184124057077,30,0.008878972559436697,0.052666666666666674,0.04896970097199981,0.056363632361333536,30,0.0018076042017520235,0.19329999999999994,0.18850233866124785,0.19809766133875203,30,0.0023457812462317137,0.6323337352048716,0.6265566878834601,0.6381107825262831,30,0.00282464482344748
indicator_targeting_firewall_1,Voter-aggregated election,0.8977067976543804,0.826775440735367,0.9686381545733939,30,0.034681365582521266,0.14586666666666667,0.12934233152988917,0.16239100180344418,30,0.00807945220251474,0.09841333333333332,0.09394974985072213,0.10287691681594452,30,0.0021824363341207513,0.7689674181777797,0.7617184525101535,0.7762163838454059,30,0.0035443284794499856
interaction_noise_0_delay_0,Appeal-based selection baseline,2.3641827767082093,2.2263917618932796,2.501973791523139,30,0.06737190385684284,0.7242666666666667,0.7087795270705933,0.7397538062627401,30,0.0075723230668238465,0.06750666666666666,0.06542973637116295,0.06958359696217037,30,0.001015499801449166,0.8239254497323856,0.820451393174442,0.8273995062903291,30,0.001698614417851341
interaction_noise_0_delay_0,Autocracy,9.383048873698579,8.42292286488066,10.343174882516498,30,0.469446554576986,0.044000000000000004,0.013528342479078432,0.07447165752092158,30,0.014898892962037577,0.021226666666666668,0.019377310071469613,0.023076023261863723,30,0.0009042293134714203,0.9273350807338243,0.922308161310843,0.9323620001568056,30,0.002457875301347292
interaction_noise_0_delay_0,Direct public-indicator policy,0.0,0.0,0.0,30,0.0,0.0,0.0,0.0,30,0.0,0.0,0.0,0.0,30,0.0,1.0,1.0,1.0,30,0.0
interaction_noise_0_delay_0,PKD,0.36248563863523536,0.35232363892818036,0.37264763834229037,30,0.004968635060686094,0.0086,0.00020982945462884664,0.016990170545371153,30,0.004102312215963258,0.25755333333333336,0.249656858349319,0.2654498083173477,30,0.003860923400161639,0.5565760453336366,0.5484230321703932,0.5647290584968799,30,0.003986355857204176
interaction_noise_0_delay_0,Population equal mean,0.09668677764056052,0.09579905474185198,0.09757450053926907,30,0.00043404558609020093,0.05000000000000001,0.05,0.05000000000000002,30,2.5770405001214727e-18,1.0,1.0,1.0,30,1.0646223935437328e-17,0.0,0.0,0.0,30,0.0
interaction_noise_0_delay_0,Population score weighted,0.07080180308189439,0.07002979127119442,0.07157381489259436,30,0.0003774695001461764,0.05000000000000001,0.05,0.05000000000000002,30,2.5770405001214727e-18,1.0,1.0,1.0,30,1.0646223935437328e-17,0.0,0.0,0.0,30,0.0
interaction_noise_0_delay_0,Sortition,0.9651030053631623,0.9513838073102822,0.9788222034160424,30,0.006707901044585951,0.04813333333333335,0.04553196702462623,0.050734699642040464,30,0.0012719189352225942,0.19352666666666668,0.18864914738911107,0.1984041859442223,30,0.002384827198411559,0.6321792248604257,0.6264577840688925,0.6379006656519588,30,0.002797456419400882
interaction_noise_0_delay_0,Sortition + deliberation,0.9952356000302499,0.9788693954158493,1.0116018046446507,30,0.008002135445941656,0.052666666666666674,0.04896970097199981,0.056363632361333536,30,0.0018076042017520235,0.19329999999999994,0.18850233866124785,0.19809766133875203,30,0.0023457812462317137,0.6323337352048716,0.6265566878834601,0.6381107825262831,30,0.00282464482344748
interaction_noise_0_delay_0,Voter-aggregated election,1.0973136876665142,1.064693015319182,1.1299343600138463,30,0.0159496379650142,0.14240000000000003,0.1264688632596929,0.15833113674030716,30,0.007789412206882854,0.0974933333333333,0.09353283680982724,0.10145382985683937,30,0.0019364556634218274,0.7706495495847019,0.7642267990405579,0.7770723001288459,30,0.003140356667941953
interaction_noise_0_delay_12,Appeal-based selection baseline,2.3641827767082093,2.2263917618932796,2.501973791523139,30,0.06737190385684284,0.7242666666666667,0.7087795270705933,0.7397538062627401,30,0.0075723230668238465,0.06750666666666666,0.06542973637116295,0.06958359696217037,30,0.001015499801449166,0.8239254497323856,0.820451393174442,0.8273995062903291,30,0.001698614417851341
interaction_noise_0_delay_12,Autocracy,9.383048873698579,8.42292286488066,10.343174882516498,30,0.469446554576986,0.044000000000000004,0.013528342479078432,0.07447165752092158,30,0.014898892962037577,0.021226666666666668,0.019377310071469613,0.023076023261863723,30,0.0009042293134714203,0.9273350807338243,0.922308161310843,0.9323620001568056,30,0.002457875301347292
interaction_noise_0_delay_12,Direct public-indicator policy,0.0,0.0,0.0,30,0.0,0.0,0.0,0.0,30,0.0,0.0,0.0,0.0,30,0.0,1.0,1.0,1.0,30,0.0
interaction_noise_0_delay_12,PKD,0.3856286658729564,0.37637017159058095,0.3948871601553319,30,0.004526872724532283,0.010333333333333332,0.0017663856512584748,0.018900281015408187,30,0.004188746097548979,0.2580133333333333,0.2502263327161073,0.26580033395055935,30,0.003807396713215052,0.555951236821668,0.5479011643785411,0.564001309264795,30,0.003936023748772068
interaction_noise_0_delay_12,Population equal mean,0.09668677764056052,0.09579905474185198,0.09757450053926907,30,0.00043404558609020093,0.05000000000000001,0.05,0.05000000000000002,30,2.5770405001214727e-18,1.0,1.0,1.0,30,1.0646223935437328e-17,0.0,0.0,0.0,30,0.0
interaction_noise_0_delay_12,Population score weighted,0.07167879312076496,0.07086860499238636,0.07248898124914356,30,0.000396135530058991,0.05000000000000001,0.05,0.05000000000000002,30,2.5770405001214727e-18,1.0,1.0,1.0,30,1.0646223935437328e-17,0.0,0.0,0.0,30,0.0
interaction_noise_0_delay_12,Sortition,0.9651030053631623,0.9513838073102822,0.9788222034160424,30,0.006707901044585951,0.04813333333333335,0.04553196702462623,0.050734699642040464,30,0.0012719189352225942,0.19352666666666668,0.18864914738911107,0.1984041859442223,30,0.002384827198411559,0.6321792248604257,0.6264577840688925,0.6379006656519588,30,0.002797456419400882
interaction_noise_0_delay_12,Sortition + deliberation,0.9952356000302499,0.9788693954158493,1.0116018046446507,30,0.008002135445941656,0.052666666666666674,0.04896970097199981,0.056363632361333536,30,0.0018076042017520235,0.19329999999999994,0.18850233866124785,0.19809766133875203,30,0.0023457812462317137,0.6323337352048716,0.6265566878834601,0.6381107825262831,30,0.00282464482344748
interaction_noise_0_delay_12,Voter-aggregated election,1.1264909433571006,1.0930155052968367,1.1599663814173646,30,0.016367569377371594,0.15013333333333334,0.13417742806971625,0.16608923859695043,30,0.0078015225942935015,0.09729333333333332,0.09343920245589628,0.10114746421077035,30,0.0018844489626201886,0.7709438008058167,0.7646462902878626,0.7772413113237708,30,0.003079121477716918
interaction_noise_1_delay_0,Appeal-based selection baseline,2.3641827767082093,2.2263917618932796,2.501973791523139,30,0.06737190385684284,0.7242666666666667,0.7087795270705933,0.7397538062627401,30,0.0075723230668238465,0.06750666666666666,0.06542973637116295,0.06958359696217037,30,0.001015499801449166,0.8239254497323856,0.820451393174442,0.8273995062903291,30,0.001698614417851341
interaction_noise_1_delay_0,Autocracy,9.383048873698579,8.42292286488066,10.343174882516498,30,0.469446554576986,0.044000000000000004,0.013528342479078432,0.07447165752092158,30,0.014898892962037577,0.021226666666666668,0.019377310071469613,0.023076023261863723,30,0.0009042293134714203,0.9273350807338243,0.922308161310843,0.9323620001568056,30,0.002457875301347292
interaction_noise_1_delay_0,Direct public-indicator policy,10.00886194350211,9.92448008707711,10.093243799927109,30,0.04125788844768002,0.0,0.0,0.0,30,0.0,0.0,0.0,0.0,30,0.0,1.0,1.0,1.0,30,0.0
interaction_noise_1_delay_0,PKD,0.477304330961348,0.4653392039431125,0.4892694579795835,30,0.00585026090554731,0.01,0.001018959375168417,0.018981040624831583,30,0.004391213798107495,0.2597133333333333,0.25208170558584186,0.26734496108082473,30,0.003731428290631166,0.5533249952148837,0.5456347650334493,0.561015225396318,30,0.003760081519948654
interaction_noise_1_delay_0,Population equal mean,0.09668677764056052,0.09579905474185198,0.09757450053926907,30,0.00043404558609020093,0.05000000000000001,0.05,0.05000000000000002,30,2.5770405001214727e-18,1.0,1.0,1.0,30,1.0646223935437328e-17,0.0,0.0,0.0,30,0.0
interaction_noise_1_delay_0,Population score weighted,0.10482371770084477,0.10330124284394446,0.10634619255774508,30,0.0007444028902850856,0.05000000000000001,0.05,0.05000000000000002,30,2.5770405001214727e-18,1.0,1.0,1.0,30,1.0646223935437328e-17,0.0,0.0,0.0,30,0.0
interaction_noise_1_delay_0,Sortition,0.9651030053631623,0.9513838073102822,0.9788222034160424,30,0.006707901044585951,0.04813333333333335,0.04553196702462623,0.050734699642040464,30,0.0012719189352225942,0.19352666666666668,0.18864914738911107,0.1984041859442223,30,0.002384827198411559,0.6321792248604257,0.6264577840688925,0.6379006656519588,30,0.002797456419400882
interaction_noise_1_delay_0,Sortition + deliberation,0.9952356000302499,0.9788693954158493,1.0116018046446507,30,0.008002135445941656,0.052666666666666674,0.04896970097199981,0.056363632361333536,30,0.0018076042017520235,0.19329999999999994,0.18850233866124785,0.19809766133875203,30,0.0023457812462317137,0.6323337352048716,0.6265566878834601,0.6381107825262831,30,0.00282464482344748
interaction_noise_1_delay_0,Voter-aggregated election,1.1301060780359122,1.0932779698985242,1.1669341861733002,30,0.018006832767681148,0.14986666666666668,0.13302416903128392,0.16670916430204943,30,0.008235015417544952,0.09725333333333333,0.0931286510859543,0.10137801558071236,30,0.0020167330662575053,0.771008935150552,0.7643309450426128,0.7776869252584913,30,0.003265154176513718
interaction_noise_1_delay_12,Appeal-based selection baseline,2.3641827767082093,2.2263917618932796,2.501973791523139,30,0.06737190385684284,0.7242666666666667,0.7087795270705933,0.7397538062627401,30,0.0075723230668238465,0.06750666666666666,0.06542973637116295,0.06958359696217037,30,0.001015499801449166,0.8239254497323856,0.820451393174442,0.8273995062903291,30,0.001698614417851341
interaction_noise_1_delay_12,Autocracy,9.383048873698579,8.42292286488066,10.343174882516498,30,0.469446554576986,0.044000000000000004,0.013528342479078432,0.07447165752092158,30,0.014898892962037577,0.021226666666666668,0.019377310071469613,0.023076023261863723,30,0.0009042293134714203,0.9273350807338243,0.922308161310843,0.9323620001568056,30,0.002457875301347292
interaction_noise_1_delay_12,Direct public-indicator policy,10.00886194350211,9.92448008707711,10.093243799927109,30,0.04125788844768002,0.0,0.0,0.0,30,0.0,0.0,0.0,0.0,30,0.0,1.0,1.0,1.0,30,0.0
interaction_noise_1_delay_12,PKD,0.49763741864519934,0.48640859304640344,0.5088662442439952,30,0.00549025173871762,0.011533333333333333,0.002113972489409855,0.02095269417725681,30,0.004605527247346783,0.25977333333333336,0.25206273163498005,0.26748393503168666,30,0.0037700420234047217,0.5531964948621134,0.5454061491865946,0.5609868405376323,30,0.0038090322548793762
interaction_noise_1_delay_12,Population equal mean,0.09668677764056052,0.09579905474185198,0.09757450053926907,30,0.00043404558609020093,0.05000000000000001,0.05,0.05000000000000002,30,2.5770405001214727e-18,1.0,1.0,1.0,30,1.0646223935437328e-17,0.0,0.0,0.0,30,0.0
interaction_noise_1_delay_12,Population score weighted,0.10476973291604769,0.10286445419690919,0.10667501163518618,30,0.0009315720249153681,0.05000000000000001,0.05,0.05000000000000002,30,2.5770405001214727e-18,1.0,1.0,1.0,30,1.0646223935437328e-17,0.0,0.0,0.0,30,0.0
interaction_noise_1_delay_12,Sortition,0.9651030053631623,0.9513838073102822,0.9788222034160424,30,0.006707901044585951,0.04813333333333335,0.04553196702462623,0.050734699642040464,30,0.0012719189352225942,0.19352666666666668,0.18864914738911107,0.1984041859442223,30,0.002384827198411559,0.6321792248604257,0.6264577840688925,0.6379006656519588,30,0.002797456419400882
interaction_noise_1_delay_12,Sortition + deliberation,0.9952356000302499,0.9788693954158493,1.0116018046446507,30,0.008002135445941656,0.052666666666666674,0.04896970097199981,0.056363632361333536,30,0.0018076042017520235,0.19329999999999994,0.18850233866124785,0.19809766133875203,30,0.0023457812462317137,0.6323337352048716,0.6265566878834601,0.6381107825262831,30,0.00282464482344748
interaction_noise_1_delay_12,Voter-aggregated election,1.1631276756881834,1.1269712338187683,1.1992841175575986,30,0.0176784264830585,0.15413333333333337,0.13815333979233604,0.1701133268743307,30,0.00781330038045697,0.09675999999999997,0.0926206811883433,0.10089931881165665,30,0.002023889506774563,0.7718340498287596,0.7650787684840779,0.7785893311734413,30,0.0033029451585874104
