condition,run,seed,start_inclusive,stop_exclusive,mean_loss
baseline,0,3256145307,0,300,0.14189540642944207
baseline,1,926503245,0,300,0.14473125532685
baseline,2,1263450924,0,300,0.12567651601825228
baseline,3,1463822826,0,300,0.14943598487709722
baseline,4,3438577879,0,300,0.12672792070507538
baseline,5,3800870049,0,300,0.12602171819353677
baseline,6,512931241,0,300,0.1329072351435245
baseline,7,858527504,0,300,0.13301603061051104
baseline,8,1816437448,0,300,0.13053692555051916
baseline,9,3048369334,0,300,0.1331301524148973
baseline,10,1400142473,0,300,0.13205494966542344
baseline,11,2199753328,0,300,0.1364818528703634
baseline,12,1950944253,0,300,0.13225042501555803
baseline,13,1439800847,0,300,0.1376594375211153
baseline,14,1699023239,0,300,0.14018669880395684
baseline,15,744304938,0,300,0.12951836132838546
baseline,16,3332357462,0,300,0.1326227595460859
baseline,17,2607616949,0,300,0.11799679427709421
baseline,18,2785588446,0,300,0.14429561768657811
baseline,19,2326026774,0,300,0.1493010289092841
baseline,20,1190556536,0,300,0.13675583360636048
baseline,21,1832435812,0,300,0.14276145927735118
baseline,22,3758733651,0,300,0.12307336182325405
baseline,23,3826670891,0,300,0.13196303035050516
baseline,24,332882573,0,300,0.13040546787771182
baseline,25,126882987,0,300,0.13893001843804145
baseline,26,1811283073,0,300,0.12609444873228634
baseline,27,219745394,0,300,0.13828424549934976
baseline,28,3462496116,0,300,0.13107663554536786
baseline,29,75725724,0,300,0.13701352484926935
baseline,0,3256145307,0,6,0.28959817713932334
baseline,1,926503245,0,6,0.45773126712171236
baseline,2,1263450924,0,6,0.21821380162766787
baseline,3,1463822826,0,6,0.685657201749099
baseline,4,3438577879,0,6,0.44513524131872856
baseline,5,3800870049,0,6,0.2700755199645369
baseline,6,512931241,0,6,0.32512920721828037
baseline,7,858527504,0,6,0.21462029198063448
baseline,8,1816437448,0,6,0.30974740869103196
baseline,9,3048369334,0,6,0.21942005495098418
baseline,10,1400142473,0,6,0.2481232415874166
baseline,11,2199753328,0,6,0.48074405012637794
baseline,12,1950944253,0,6,0.40616073360738003
baseline,13,1439800847,0,6,0.411485393533869
baseline,14,1699023239,0,6,0.33548971622657353
baseline,15,744304938,0,6,0.5889446186808373
baseline,16,3332357462,0,6,0.35008876187952315
baseline,17,2607616949,0,6,0.26853009114864707
baseline,18,2785588446,0,6,0.3071763722490532
baseline,19,2326026774,0,6,0.42275841904431005
baseline,20,1190556536,0,6,0.28280547859725685
baseline,21,1832435812,0,6,0.3399150060795894
baseline,22,3758733651,0,6,0.29566166797007737
baseline,23,3826670891,0,6,0.38876921502885503
baseline,24,332882573,0,6,0.29144224531086743
baseline,25,126882987,0,6,0.576541775951612
baseline,26,1811283073,0,6,0.38006016475332727
baseline,27,219745394,0,6,0.34076637657745595
baseline,28,3462496116,0,6,0.40685368693238616
baseline,29,75725724,0,6,0.5475790551378682
baseline,0,3256145307,6,30,0.14071919991953694
baseline,1,926503245,6,30,0.1579707674327176
baseline,2,1263450924,6,30,0.12460319275376495
baseline,3,1463822826,6,30,0.14448662176719618
baseline,4,3438577879,6,30,0.11787986884098613
baseline,5,3800870049,6,30,0.10599799618709001
baseline,6,512931241,6,30,0.13086041284504293
baseline,7,858527504,6,30,0.14234093544568735
baseline,8,1816437448,6,30,0.1211144080945802
baseline,9,3048369334,6,30,0.132258642728221
baseline,10,1400142473,6,30,0.11720962455564295
baseline,11,2199753328,6,30,0.11998592930237949
baseline,12,1950944253,6,30,0.1194356675493603
baseline,13,1439800847,6,30,0.14001806223485636
baseline,14,1699023239,6,30,0.14946425573396196
baseline,15,744304938,6,30,0.12367475648778727
baseline,16,3332357462,6,30,0.12972119998202086
baseline,17,2607616949,6,30,0.10053338365071628
baseline,18,2785588446,6,30,0.12524859077709863
baseline,19,2326026774,6,30,0.152576503042368
baseline,20,1190556536,6,30,0.13022421719681726
baseline,21,1832435812,6,30,0.13733756244467316
baseline,22,3758733651,6,30,0.1293061147572857
baseline,23,3826670891,6,30,0.10522115876253087
baseline,24,332882573,6,30,0.13047092931979024
baseline,25,126882987,6,30,0.14204453091176908
baseline,26,1811283073,6,30,0.12144494433905322
baseline,27,219745394,6,30,0.11611384239794287
baseline,28,3462496116,6,30,0.1153213694315345
baseline,29,75725724,6,30,0.12211815998138696
baseline,0,3256145307,0,30,0.1704949953634942
baseline,1,926503245,0,30,0.21792286737051655
baseline,2,1263450924,0,30,0.14332531452854552
baseline,3,1463822826,0,30,0.25272073776357673
baseline,4,3438577879,0,30,0.1833309433365346
baseline,5,3800870049,0,30,0.13881350094257938
baseline,6,512931241,0,30,0.16971417171969044
baseline,7,858527504,0,30,0.15679680675267677
baseline,8,1816437448,0,30,0.15884100821387057
baseline,9,3048369334,0,30,0.14969092517277363
baseline,10,1400142473,0,30,0.14339234796199768
baseline,11,2199753328,0,30,0.19213755346717915
baseline,12,1950944253,0,30,0.17678068076096426
baseline,13,1439800847,0,30,0.19431152849465888
baseline,14,1699023239,0,30,0.1866693478324843
baseline,15,744304938,0,30,0.21672872892639727
baseline,16,3332357462,0,30,0.17379471236152133
baseline,17,2607616949,0,30,0.13413272515030245
baseline,18,2785588446,0,30,0.16163414707148954
baseline,19,2326026774,0,30,0.2066128862427564
baseline,20,1190556536,0,30,0.16074046947690518
baseline,21,1832435812,0,30,0.17785305117165642
baseline,22,3758733651,0,30,0.16257722539984404
baseline,23,3826670891,0,30,0.16193077001579567
baseline,24,332882573,0,30,0.16266519251800565
baseline,25,126882987,0,30,0.22894397991973767
baseline,26,1811283073,0,30,0.17316798842190803
baseline,27,219745394,0,30,0.16104434923384547
baseline,28,3462496116,0,30,0.17362783293170483
baseline,29,75725724,0,30,0.20721033901268318
baseline,0,3256145307,30,300,0.13871767432565849
baseline,1,926503245,30,300,0.1365988539886648
baseline,2,1263450924,30,300,0.12371553840599747
baseline,3,1463822826,30,300,0.13795990122304394
baseline,4,3438577879,30,300,0.12043869596824658
baseline,5,3800870049,30,300,0.12460040899919873
baseline,6,512931241,30,300,0.1288175755239505
baseline,7,858527504,30,300,0.1303737221502704
baseline,8,1816437448,30,300,0.12739202747681344
baseline,9,3048369334,30,300,0.13129006655291106
baseline,10,1400142473,30,300,0.13079523874358184
baseline,11,2199753328,30,300,0.13029788613738388
baseline,12,1950944253,30,300,0.127302618821624
baseline,13,1439800847,30,300,0.13136476074627715
baseline,14,1699023239,30,300,0.13502196002300934
baseline,15,744304938,30,300,0.11982832048416191
baseline,16,3332357462,30,300,0.12804809812214862
baseline,17,2607616949,30,300,0.11620391306895997
baseline,18,2785588446,30,300,0.14236911442158798
baseline,19,2326026774,30,300,0.1429330447611205
baseline,20,1190556536,30,300,0.13409087406518885
baseline,21,1832435812,30,300,0.13886239351131727
baseline,22,3758733651,30,300,0.11868404364807737
baseline,23,3826670891,30,300,0.12863328149880623
baseline,24,332882573,30,300,0.12682105402879026
baseline,25,126882987,30,300,0.12892846716229742
baseline,26,1811283073,30,300,0.1208640554334395
baseline,27,219745394,30,300,0.1357553450844058
baseline,28,3462496116,30,300,0.1263487247246637
baseline,29,75725724,30,300,0.12921387883111224
baseline,0,3256145307,90,300,0.13686612747218127
baseline,1,926503245,90,300,0.13906755912929575
baseline,2,1263450924,90,300,0.12457607787040036
baseline,3,1463822826,90,300,0.1396902692353307
baseline,4,3438577879,90,300,0.12153926662791076
baseline,5,3800870049,90,300,0.12186460376868193
baseline,6,512931241,90,300,0.1311874026127031
baseline,7,858527504,90,300,0.12983231312073534
baseline,8,1816437448,90,300,0.1277465004166733
baseline,9,3048369334,90,300,0.13117407253932
baseline,10,1400142473,90,300,0.12945153228640846
baseline,11,2199753328,90,300,0.12976676595184441
baseline,12,1950944253,90,300,0.13031100944921922
baseline,13,1439800847,90,300,0.13108867155526838
baseline,14,1699023239,90,300,0.13398462279894502
baseline,15,744304938,90,300,0.11931872490439335
baseline,16,3332357462,90,300,0.12907892499069715
baseline,17,2607616949,90,300,0.11593954590540567
baseline,18,2785588446,90,300,0.14182236094298334
baseline,19,2326026774,90,300,0.1447658395094923
baseline,20,1190556536,90,300,0.13601508997841383
baseline,21,1832435812,90,300,0.13408211401368442
baseline,22,3758733651,90,300,0.1171686828844703
baseline,23,3826670891,90,300,0.1298245495336793
baseline,24,332882573,90,300,0.1225343282377918
baseline,25,126882987,90,300,0.1295804309484927
baseline,26,1811283073,90,300,0.11912208656789972
baseline,27,219745394,90,300,0.13783661533229102
baseline,28,3462496116,90,300,0.12457271091577644
baseline,29,75725724,90,300,0.128434266172646
feedback_delay_3,0,3256145307,0,300,0.14673499639407575
feedback_delay_3,1,926503245,0,300,0.14823654916375195
feedback_delay_3,2,1263450924,0,300,0.13090596777538066
feedback_delay_3,3,1463822826,0,300,0.1484732591071813
feedback_delay_3,4,3438577879,0,300,0.1371360996753112
feedback_delay_3,5,3800870049,0,300,0.1325182528396883
feedback_delay_3,6,512931241,0,300,0.14152845126721156
feedback_delay_3,7,858527504,0,300,0.13346153181445453
feedback_delay_3,8,1816437448,0,300,0.12959606240804333
feedback_delay_3,9,3048369334,0,300,0.13654879505304032
feedback_delay_3,10,1400142473,0,300,0.13612266866809405
feedback_delay_3,11,2199753328,0,300,0.14626137360478603
feedback_delay_3,12,1950944253,0,300,0.13711093217602274
feedback_delay_3,13,1439800847,0,300,0.13944631732807974
feedback_delay_3,14,1699023239,0,300,0.14191906213815175
feedback_delay_3,15,744304938,0,300,0.14261649406760266
feedback_delay_3,16,3332357462,0,300,0.1382648725412448
feedback_delay_3,17,2607616949,0,300,0.12545042109270363
feedback_delay_3,18,2785588446,0,300,0.14706450899125936
feedback_delay_3,19,2326026774,0,300,0.15458278588031185
feedback_delay_3,20,1190556536,0,300,0.14385672922727336
feedback_delay_3,21,1832435812,0,300,0.15108944464127605
feedback_delay_3,22,3758733651,0,300,0.12526246835925395
feedback_delay_3,23,3826670891,0,300,0.14189774778606687
feedback_delay_3,24,332882573,0,300,0.1313665220847819
feedback_delay_3,25,126882987,0,300,0.15649487390517275
feedback_delay_3,26,1811283073,0,300,0.13476583921231117
feedback_delay_3,27,219745394,0,300,0.13693848595197078
feedback_delay_3,28,3462496116,0,300,0.1369187323256286
feedback_delay_3,29,75725724,0,300,0.138008880676711
feedback_delay_3,0,3256145307,0,6,0.49095738157685376
feedback_delay_3,1,926503245,0,6,0.6538678445568618
feedback_delay_3,2,1263450924,0,6,0.3654572047142796
feedback_delay_3,3,1463822826,0,6,0.9383019708720969
feedback_delay_3,4,3438577879,0,6,0.8404677649214113
feedback_delay_3,5,3800870049,0,6,0.4714491091653346
feedback_delay_3,6,512931241,0,6,0.4807982602826982
feedback_delay_3,7,858527504,0,6,0.6229932520418028
feedback_delay_3,8,1816437448,0,6,0.4454089654095768
feedback_delay_3,9,3048369334,0,6,0.37863385293989166
feedback_delay_3,10,1400142473,0,6,0.43707495918755074
feedback_delay_3,11,2199753328,0,6,0.8670944374725673
feedback_delay_3,12,1950944253,0,6,0.6501658783573238
feedback_delay_3,13,1439800847,0,6,0.757479219572144
feedback_delay_3,14,1699023239,0,6,0.5856117771032686
feedback_delay_3,15,744304938,0,6,1.0165439678254975
feedback_delay_3,16,3332357462,0,6,0.5297693361394837
feedback_delay_3,17,2607616949,0,6,0.48221854459945995
feedback_delay_3,18,2785588446,0,6,0.5497705647296964
feedback_delay_3,19,2326026774,0,6,0.7161954976017483
feedback_delay_3,20,1190556536,0,6,0.4863560280186212
feedback_delay_3,21,1832435812,0,6,0.4639208481589005
feedback_delay_3,22,3758733651,0,6,0.41362745548780083
feedback_delay_3,23,3826670891,0,6,0.7290165117813342
feedback_delay_3,24,332882573,0,6,0.46200382941011603
feedback_delay_3,25,126882987,0,6,1.0238749067606723
feedback_delay_3,26,1811283073,0,6,0.9751586556887201
feedback_delay_3,27,219745394,0,6,0.4768909390307427
feedback_delay_3,28,3462496116,0,6,0.6143977958988068
feedback_delay_3,29,75725724,0,6,0.8626049426993463
feedback_delay_3,0,3256145307,6,30,0.1423788164133428
feedback_delay_3,1,926503245,6,30,0.14477367847111403
feedback_delay_3,2,1263450924,6,30,0.12839553264426803
feedback_delay_3,3,1463822826,6,30,0.12383146877548219
feedback_delay_3,4,3438577879,6,30,0.1201703408459472
feedback_delay_3,5,3800870049,6,30,0.1260339913103814
feedback_delay_3,6,512931241,6,30,0.12003436880960122
feedback_delay_3,7,858527504,6,30,0.1355624727936107
feedback_delay_3,8,1816437448,6,30,0.13053507916163656
feedback_delay_3,9,3048369334,6,30,0.13279821019719615
feedback_delay_3,10,1400142473,6,30,0.12598217473089454
feedback_delay_3,11,2199753328,6,30,0.13852728476322973
feedback_delay_3,12,1950944253,6,30,0.12337691489061846
feedback_delay_3,13,1439800847,6,30,0.13027110518059512
feedback_delay_3,14,1699023239,6,30,0.13164470795293212
feedback_delay_3,15,744304938,6,30,0.13275994399094432
feedback_delay_3,16,3332357462,6,30,0.1367893190246429
feedback_delay_3,17,2607616949,6,30,0.11226216411922528
feedback_delay_3,18,2785588446,6,30,0.11898464950687003
feedback_delay_3,19,2326026774,6,30,0.1377818755033757
feedback_delay_3,20,1190556536,6,30,0.11377355001695866
feedback_delay_3,21,1832435812,6,30,0.14504907461892513
feedback_delay_3,22,3758733651,6,30,0.11143875450013134
feedback_delay_3,23,3826670891,6,30,0.10609520830638298
feedback_delay_3,24,332882573,6,30,0.136027474924702
feedback_delay_3,25,126882987,6,30,0.14185204496507292
feedback_delay_3,26,1811283073,6,30,0.12927207146440287
feedback_delay_3,27,219745394,6,30,0.13355171530253107
feedback_delay_3,28,3462496116,6,30,0.12271814989079331
feedback_delay_3,29,75725724,6,30,0.09851704273968155
feedback_delay_3,0,3256145307,0,30,0.21209452944604495
feedback_delay_3,1,926503245,0,30,0.24659251168826357
feedback_delay_3,2,1263450924,0,30,0.17580786705827034
feedback_delay_3,3,1463822826,0,30,0.28672556919480513
feedback_delay_3,4,3438577879,0,30,0.26422982566104003
feedback_delay_3,5,3800870049,0,30,0.19511701488137204
feedback_delay_3,6,512931241,0,30,0.1921871471042206
feedback_delay_3,7,858527504,0,30,0.23304862864324913
feedback_delay_3,8,1816437448,0,30,0.19350985641122465
feedback_delay_3,9,3048369334,0,30,0.18196533874573526
feedback_delay_3,10,1400142473,0,30,0.18820073162222578
feedback_delay_3,11,2199753328,0,30,0.28424071530509726
feedback_delay_3,12,1950944253,0,30,0.22873470758395953
feedback_delay_3,13,1439800847,0,30,0.2557127280589049
feedback_delay_3,14,1699023239,0,30,0.2224381217829994
feedback_delay_3,15,744304938,0,30,0.30951674875785495
feedback_delay_3,16,3332357462,0,30,0.21538532244761108
feedback_delay_3,17,2607616949,0,30,0.18625344021527218
feedback_delay_3,18,2785588446,0,30,0.20514183255143528
feedback_delay_3,19,2326026774,0,30,0.2534645999230502
feedback_delay_3,20,1190556536,0,30,0.18829004561729118
feedback_delay_3,21,1832435812,0,30,0.2088234293269202
feedback_delay_3,22,3758733651,0,30,0.17187649469766522
feedback_delay_3,23,3826670891,0,30,0.2306794690013732
feedback_delay_3,24,332882573,0,30,0.2012227458217848
feedback_delay_3,25,126882987,0,30,0.3182566173241928
feedback_delay_3,26,1811283073,0,30,0.29844938830926626
feedback_delay_3,27,219745394,0,30,0.2022195600481734
feedback_delay_3,28,3462496116,0,30,0.221054079092396
feedback_delay_3,29,75725724,0,30,0.2513346227316145
feedback_delay_3,0,3256145307,30,300,0.13947282605496805
feedback_delay_3,1,926503245,30,300,0.13730810888325068
feedback_delay_3,2,1263450924,30,300,0.12591686785505957
feedback_delay_3,3,1463822826,30,300,0.13311189131966752
feedback_delay_3,4,3438577879,30,300,0.12301457456578578
feedback_delay_3,5,3800870049,30,300,0.12556283483505676
feedback_delay_3,6,512931241,30,300,0.13589970728532166
feedback_delay_3,7,858527504,30,300,0.12239629883347737
feedback_delay_3,8,1816437448,30,300,0.12249452974102318
feedback_delay_3,9,3048369334,30,300,0.13150251242051866
feedback_delay_3,10,1400142473,30,300,0.13033621722874608
feedback_delay_3,11,2199753328,30,300,0.1309303356380848
feedback_delay_3,12,1950944253,30,300,0.12693051268625197
feedback_delay_3,13,1439800847,30,300,0.12652782724687697
feedback_delay_3,14,1699023239,30,300,0.1329724999553909
feedback_delay_3,15,744304938,30,300,0.1240720213242413
feedback_delay_3,16,3332357462,30,300,0.12969593366275967
feedback_delay_3,17,2607616949,30,300,0.11869453007908488
feedback_delay_3,18,2785588446,30,300,0.1406114730401287
feedback_delay_3,19,2326026774,30,300,0.1435959176533409
feedback_delay_3,20,1190556536,30,300,0.13891969407282692
feedback_delay_3,21,1832435812,30,300,0.14467455745398225
feedback_delay_3,22,3758733651,30,300,0.12008313209943046
feedback_delay_3,23,3826670891,30,300,0.13203311209547727
feedback_delay_3,24,332882573,30,300,0.12360471944733713
feedback_delay_3,25,126882987,30,300,0.13852134685861497
feedback_delay_3,26,1811283073,30,300,0.11657877820153838
feedback_delay_3,27,219745394,30,300,0.12968503327461492
feedback_delay_3,28,3462496116,30,300,0.1275703604626544
feedback_delay_3,29,75725724,30,300,0.12541713155949952
feedback_delay_3,0,3256145307,90,300,0.14030984665220123
feedback_delay_3,1,926503245,90,300,0.13987981702081417
feedback_delay_3,2,1263450924,90,300,0.12445912830465827
feedback_delay_3,3,1463822826,90,300,0.13630105105295523
feedback_delay_3,4,3438577879,90,300,0.1248741077990022
feedback_delay_3,5,3800870049,90,300,0.12438729893191974
feedback_delay_3,6,512931241,90,300,0.13740631479883125
feedback_delay_3,7,858527504,90,300,0.12117506766770046
feedback_delay_3,8,1816437448,90,300,0.12319849072631929
feedback_delay_3,9,3048369334,90,300,0.13176395020604262
feedback_delay_3,10,1400142473,90,300,0.12773094691237255
feedback_delay_3,11,2199753328,90,300,0.12929069905703752
feedback_delay_3,12,1950944253,90,300,0.12605247414152632
feedback_delay_3,13,1439800847,90,300,0.12435511091690754
feedback_delay_3,14,1699023239,90,300,0.1331830545820931
feedback_delay_3,15,744304938,90,300,0.12520372273418495
feedback_delay_3,16,3332357462,90,300,0.13185270411557876
feedback_delay_3,17,2607616949,90,300,0.11631024461939522
feedback_delay_3,18,2785588446,90,300,0.1375486910374081
feedback_delay_3,19,2326026774,90,300,0.1454393666626214
feedback_delay_3,20,1190556536,90,300,0.13658749436762063
feedback_delay_3,21,1832435812,90,300,0.13835361010910963
feedback_delay_3,22,3758733651,90,300,0.12094888160125838
feedback_delay_3,23,3826670891,90,300,0.13180340017717332
feedback_delay_3,24,332882573,90,300,0.11901573024509596
feedback_delay_3,25,126882987,90,300,0.1402521529243936
feedback_delay_3,26,1811283073,90,300,0.11721072545239673
feedback_delay_3,27,219745394,90,300,0.131421480917555
feedback_delay_3,28,3462496116,90,300,0.12519070745042593
feedback_delay_3,29,75725724,90,300,0.1243651606789172
feedback_delay_12,0,3256145307,0,300,0.18690669701972304
feedback_delay_12,1,926503245,0,300,0.1915477717870442
feedback_delay_12,2,1263450924,0,300,0.1558502114963701
feedback_delay_12,3,1463822826,0,300,0.17207249813749007
feedback_delay_12,4,3438577879,0,300,0.1625914115603999
feedback_delay_12,5,3800870049,0,300,0.1534685616994586
feedback_delay_12,6,512931241,0,300,0.1565227819133365
feedback_delay_12,7,858527504,0,300,0.16250075491617166
feedback_delay_12,8,1816437448,0,300,0.15058870869683386
feedback_delay_12,9,3048369334,0,300,0.1694435596664833
feedback_delay_12,10,1400142473,0,300,0.15407104524850537
feedback_delay_12,11,2199753328,0,300,0.16887235532510675
feedback_delay_12,12,1950944253,0,300,0.15263041791886847
feedback_delay_12,13,1439800847,0,300,0.16608258778210003
feedback_delay_12,14,1699023239,0,300,0.18219068645276645
feedback_delay_12,15,744304938,0,300,0.16965883223879216
feedback_delay_12,16,3332357462,0,300,0.162736716857271
feedback_delay_12,17,2607616949,0,300,0.14748791141071493
feedback_delay_12,18,2785588446,0,300,0.178686627430457
feedback_delay_12,19,2326026774,0,300,0.19092944732143535
feedback_delay_12,20,1190556536,0,300,0.16685025528589914
feedback_delay_12,21,1832435812,0,300,0.1632060906040729
feedback_delay_12,22,3758733651,0,300,0.13837429746823657
feedback_delay_12,23,3826670891,0,300,0.1628407121360058
feedback_delay_12,24,332882573,0,300,0.16890754724851323
feedback_delay_12,25,126882987,0,300,0.16886776297846065
feedback_delay_12,26,1811283073,0,300,0.1573215570032997
feedback_delay_12,27,219745394,0,300,0.16252432114488533
feedback_delay_12,28,3462496116,0,300,0.15545140083847417
feedback_delay_12,29,75725724,0,300,0.16167791131214965
feedback_delay_12,0,3256145307,0,6,0.5811034965162621
feedback_delay_12,1,926503245,0,6,0.8759002502814947
feedback_delay_12,2,1263450924,0,6,0.5595285755535752
feedback_delay_12,3,1463822826,0,6,1.090490956781854
feedback_delay_12,4,3438577879,0,6,1.088073815272205
feedback_delay_12,5,3800870049,0,6,0.5896940943018759
feedback_delay_12,6,512931241,0,6,0.5612567220313615
feedback_delay_12,7,858527504,0,6,0.9331813044504086
feedback_delay_12,8,1816437448,0,6,0.583125581947546
feedback_delay_12,9,3048369334,0,6,0.4742951858716749
feedback_delay_12,10,1400142473,0,6,0.5550790132186963
feedback_delay_12,11,2199753328,0,6,1.1517367456010945
feedback_delay_12,12,1950944253,0,6,0.6937753467286147
feedback_delay_12,13,1439800847,0,6,0.8393367051530163
feedback_delay_12,14,1699023239,0,6,0.7959976462101434
feedback_delay_12,15,744304938,0,6,1.3592951576933663
feedback_delay_12,16,3332357462,0,6,0.5780281310885959
feedback_delay_12,17,2607616949,0,6,0.5553875663350542
feedback_delay_12,18,2785588446,0,6,0.8406464838394391
feedback_delay_12,19,2326026774,0,6,0.9332828966679839
feedback_delay_12,20,1190556536,0,6,0.5941523684192103
feedback_delay_12,21,1832435812,0,6,0.5457521069292494
feedback_delay_12,22,3758733651,0,6,0.4531515358019149
feedback_delay_12,23,3826670891,0,6,0.780634191124442
feedback_delay_12,24,332882573,0,6,0.8849674187170803
feedback_delay_12,25,126882987,0,6,1.4311880855511518
feedback_delay_12,26,1811283073,0,6,1.0260520266553004
feedback_delay_12,27,219745394,0,6,0.8439052256800862
feedback_delay_12,28,3462496116,0,6,0.7568927242218924
feedback_delay_12,29,75725724,0,6,0.9992449730260836
feedback_delay_12,0,3256145307,6,30,0.6014608010524709
feedback_delay_12,1,926503245,6,30,0.6069864012347667
feedback_delay_12,2,1263450924,6,30,0.43338907108555974
feedback_delay_12,3,1463822826,6,30,0.34790443529172127
feedback_delay_12,4,3438577879,6,30,0.3998933260999505
feedback_delay_12,5,3800870049,6,30,0.3247231373645137
feedback_delay_12,6,512931241,6,30,0.3264539901133863
feedback_delay_12,7,858527504,6,30,0.4352967556318213
feedback_delay_12,8,1816437448,6,30,0.34107743325457585
feedback_delay_12,9,3048369334,6,30,0.45254420463763084
feedback_delay_12,10,1400142473,6,30,0.27915716872300594
feedback_delay_12,11,2199753328,6,30,0.3454534082928536
feedback_delay_12,12,1950944253,6,30,0.3452526322382348
feedback_delay_12,13,1439800847,6,30,0.4175425150693632
feedback_delay_12,14,1699023239,6,30,0.5492766944027065
feedback_delay_12,15,744304938,6,30,0.38656169532544465
feedback_delay_12,16,3332357462,6,30,0.45436604726085433
feedback_delay_12,17,2607616949,6,30,0.36480226929634646
feedback_delay_12,18,2785588446,6,30,0.4051312338751927
feedback_delay_12,19,2326026774,6,30,0.5468740290251259
feedback_delay_12,20,1190556536,6,30,0.39605597636643664
feedback_delay_12,21,1832435812,6,30,0.354975663218404
feedback_delay_12,22,3758733651,6,30,0.28082953925199927
feedback_delay_12,23,3826670891,6,30,0.33289107533491014
feedback_delay_12,24,332882573,6,30,0.452518064457353
feedback_delay_12,25,126882987,6,30,0.3323601061079549
feedback_delay_12,26,1811283073,6,30,0.3131353167214184
feedback_delay_12,27,219745394,6,30,0.36557970777495696
feedback_delay_12,28,3462496116,6,30,0.2953183653652505
feedback_delay_12,29,75725724,6,30,0.3411989840463206
feedback_delay_12,0,3256145307,0,30,0.5973893401452292
feedback_delay_12,1,926503245,0,30,0.6607691710441123
feedback_delay_12,2,1263450924,0,30,0.45861697197916285
feedback_delay_12,3,1463822826,0,30,0.4964217395897478
feedback_delay_12,4,3438577879,0,30,0.5375294239344014
feedback_delay_12,5,3800870049,0,30,0.37771732875198616
feedback_delay_12,6,512931241,0,30,0.37341453649698136
feedback_delay_12,7,858527504,0,30,0.5348736653955388
feedback_delay_12,8,1816437448,0,30,0.3894870629931699
feedback_delay_12,9,3048369334,0,30,0.4568944008844396
feedback_delay_12,10,1400142473,0,30,0.3343415376221441
feedback_delay_12,11,2199753328,0,30,0.5067100757545018
feedback_delay_12,12,1950944253,0,30,0.4149571751363108
feedback_delay_12,13,1439800847,0,30,0.5019013530860937
feedback_delay_12,14,1699023239,0,30,0.598620884764194
feedback_delay_12,15,744304938,0,30,0.581108387799029
feedback_delay_12,16,3332357462,0,30,0.47909846402640266
feedback_delay_12,17,2607616949,0,30,0.402919328704088
feedback_delay_12,18,2785588446,0,30,0.4922342838680419
feedback_delay_12,19,2326026774,0,30,0.6241558025536975
feedback_delay_12,20,1190556536,0,30,0.43567525477699137
feedback_delay_12,21,1832435812,0,30,0.39313095196057307
feedback_delay_12,22,3758733651,0,30,0.3152939385619824
feedback_delay_12,23,3826670891,0,30,0.4224396984928165
feedback_delay_12,24,332882573,0,30,0.5390079353092985
feedback_delay_12,25,126882987,0,30,0.5521257019965943
feedback_delay_12,26,1811283073,0,30,0.45571865870819483
feedback_delay_12,27,219745394,0,30,0.46124481135598283
feedback_delay_12,28,3462496116,0,30,0.38763323713657893
feedback_delay_12,29,75725724,0,30,0.47280818184227325
feedback_delay_12,0,3256145307,30,300,0.14129751445022237
feedback_delay_12,1,926503245,30,300,0.1394120607584811
feedback_delay_12,2,1263450924,30,300,0.12220946033161537
feedback_delay_12,3,1463822826,30,300,0.13603369353168365
feedback_delay_12,4,3438577879,30,300,0.12093163240773305
feedback_delay_12,5,3800870049,30,300,0.12855203202695553
feedback_delay_12,6,512931241,30,300,0.13242369807070925
feedback_delay_12,7,858527504,30,300,0.12112598708513089
feedback_delay_12,8,1816437448,30,300,0.1240444471083521
feedback_delay_12,9,3048369334,30,300,0.1375045773089326
feedback_delay_12,10,1400142473,30,300,0.13404099054032328
feedback_delay_12,11,2199753328,30,300,0.13133483083295175
feedback_delay_12,12,1950944253,30,300,0.12348300045026377
feedback_delay_12,13,1439800847,30,300,0.12876939163721182
feedback_delay_12,14,1699023239,30,300,0.1359206644181634
feedback_delay_12,15,744304938,30,300,0.12394221495432142
feedback_delay_12,16,3332357462,30,300,0.12758541161625633
feedback_delay_12,17,2607616949,30,300,0.11910664282256236
feedback_delay_12,18,2785588446,30,300,0.143847998937392
feedback_delay_12,19,2326026774,30,300,0.1427931856289618
feedback_delay_12,20,1190556536,30,300,0.136980810898
feedback_delay_12,21,1832435812,30,300,0.137658883786684
feedback_delay_12,22,3758733651,30,300,0.11871655956893147
feedback_delay_12,23,3826670891,30,300,0.13399638031858238
feedback_delay_12,24,332882573,30,300,0.12778528190842597
feedback_delay_12,25,126882987,30,300,0.12628354753200133
feedback_delay_12,26,1811283073,30,300,0.12416632348053357
feedback_delay_12,27,219745394,30,300,0.1293331555658745
feedback_delay_12,28,3462496116,30,300,0.12965341902757363
feedback_delay_12,29,75725724,30,300,0.127107881253247
feedback_delay_12,0,3256145307,90,300,0.13928133031064469
feedback_delay_12,1,926503245,90,300,0.13751535702180429
feedback_delay_12,2,1263450924,90,300,0.11930301091393496
feedback_delay_12,3,1463822826,90,300,0.13698890159677662
feedback_delay_12,4,3438577879,90,300,0.1230225321368477
feedback_delay_12,5,3800870049,90,300,0.12947680560587843
feedback_delay_12,6,512931241,90,300,0.13507758357495414
feedback_delay_12,7,858527504,90,300,0.12160596354092157
feedback_delay_12,8,1816437448,90,300,0.1244282805839976
feedback_delay_12,9,3048369334,90,300,0.13639093148659845
feedback_delay_12,10,1400142473,90,300,0.13160802880766054
feedback_delay_12,11,2199753328,90,300,0.1299625617484544
feedback_delay_12,12,1950944253,90,300,0.12588676634332727
feedback_delay_12,13,1439800847,90,300,0.12505304284354618
feedback_delay_12,14,1699023239,90,300,0.13280377641012653
feedback_delay_12,15,744304938,90,300,0.12010731000465547
feedback_delay_12,16,3332357462,90,300,0.12733583342400784
feedback_delay_12,17,2607616949,90,300,0.12024799775523969
feedback_delay_12,18,2785588446,90,300,0.144028959477295
feedback_delay_12,19,2326026774,90,300,0.14218841332246615
feedback_delay_12,20,1190556536,90,300,0.1378557298086683
feedback_delay_12,21,1832435812,90,300,0.1354638303704193
feedback_delay_12,22,3758733651,90,300,0.11861968616715178
feedback_delay_12,23,3826670891,90,300,0.13543886668462116
feedback_delay_12,24,332882573,90,300,0.12523494574430005
feedback_delay_12,25,126882987,90,300,0.1307897597627487
feedback_delay_12,26,1811283073,90,300,0.12425892971829253
feedback_delay_12,27,219745394,90,300,0.12976536730857913
feedback_delay_12,28,3462496116,90,300,0.12881008218725837
feedback_delay_12,29,75725724,90,300,0.12545526538258078
feedback_delay_24,0,3256145307,0,300,0.20993137647839702
feedback_delay_24,1,926503245,0,300,0.21553131974378212
feedback_delay_24,2,1263450924,0,300,0.19564153653389474
feedback_delay_24,3,1463822826,0,300,0.19546809554537534
feedback_delay_24,4,3438577879,0,300,0.1843280702966525
feedback_delay_24,5,3800870049,0,300,0.17765171723241202
feedback_delay_24,6,512931241,0,300,0.1861352326056911
feedback_delay_24,7,858527504,0,300,0.21386030879380102
feedback_delay_24,8,1816437448,0,300,0.17418698270940444
feedback_delay_24,9,3048369334,0,300,0.19048538964853082
feedback_delay_24,10,1400142473,0,300,0.18546284314637723
feedback_delay_24,11,2199753328,0,300,0.19217993974839706
feedback_delay_24,12,1950944253,0,300,0.17227977462595398
feedback_delay_24,13,1439800847,0,300,0.18516630146940755
feedback_delay_24,14,1699023239,0,300,0.2174304566141258
feedback_delay_24,15,744304938,0,300,0.18322686872444785
feedback_delay_24,16,3332357462,0,300,0.19422549116095508
feedback_delay_24,17,2607616949,0,300,0.17697040806603084
feedback_delay_24,18,2785588446,0,300,0.21693985669321497
feedback_delay_24,19,2326026774,0,300,0.24823824592961027
feedback_delay_24,20,1190556536,0,300,0.2091400353012304
feedback_delay_24,21,1832435812,0,300,0.198708336314787
feedback_delay_24,22,3758733651,0,300,0.1579190800957643
feedback_delay_24,23,3826670891,0,300,0.17239170670290002
feedback_delay_24,24,332882573,0,300,0.19482905019405605
feedback_delay_24,25,126882987,0,300,0.20888790987283487
feedback_delay_24,26,1811283073,0,300,0.18259515767452475
feedback_delay_24,27,219745394,0,300,0.18661589054382227
feedback_delay_24,28,3462496116,0,300,0.1815024258641095
feedback_delay_24,29,75725724,0,300,0.19699742072485985
feedback_delay_24,0,3256145307,0,6,0.5811034965162621
feedback_delay_24,1,926503245,0,6,0.8759002502814947
feedback_delay_24,2,1263450924,0,6,0.5595285755535752
feedback_delay_24,3,1463822826,0,6,1.090490956781854
feedback_delay_24,4,3438577879,0,6,1.088073815272205
feedback_delay_24,5,3800870049,0,6,0.5896940943018759
feedback_delay_24,6,512931241,0,6,0.5612567220313615
feedback_delay_24,7,858527504,0,6,0.9331813044504086
feedback_delay_24,8,1816437448,0,6,0.583125581947546
feedback_delay_24,9,3048369334,0,6,0.4742951858716749
feedback_delay_24,10,1400142473,0,6,0.5550790132186963
feedback_delay_24,11,2199753328,0,6,1.1517367456010945
feedback_delay_24,12,1950944253,0,6,0.6937753467286147
feedback_delay_24,13,1439800847,0,6,0.8393367051530163
feedback_delay_24,14,1699023239,0,6,0.7959976462101434
feedback_delay_24,15,744304938,0,6,1.3592951576933663
feedback_delay_24,16,3332357462,0,6,0.5780281310885959
feedback_delay_24,17,2607616949,0,6,0.5553875663350542
feedback_delay_24,18,2785588446,0,6,0.8406464838394391
feedback_delay_24,19,2326026774,0,6,0.9332828966679839
feedback_delay_24,20,1190556536,0,6,0.5941523684192103
feedback_delay_24,21,1832435812,0,6,0.5457521069292494
feedback_delay_24,22,3758733651,0,6,0.4531515358019149
feedback_delay_24,23,3826670891,0,6,0.780634191124442
feedback_delay_24,24,332882573,0,6,0.8849674187170803
feedback_delay_24,25,126882987,0,6,1.4311880855511518
feedback_delay_24,26,1811283073,0,6,1.0260520266553004
feedback_delay_24,27,219745394,0,6,0.8439052256800862
feedback_delay_24,28,3462496116,0,6,0.7568927242218924
feedback_delay_24,29,75725724,0,6,0.9992449730260836
feedback_delay_24,0,3256145307,6,30,0.9699156946032784
feedback_delay_24,1,926503245,6,30,0.9383284321847581
feedback_delay_24,2,1263450924,6,30,0.823787168214286
feedback_delay_24,3,1463822826,6,30,0.6931178789061828
feedback_delay_24,4,3438577879,6,30,0.6753909337171994
feedback_delay_24,5,3800870049,6,30,0.6996987337488555
feedback_delay_24,6,512931241,6,30,0.7184325210108596
feedback_delay_24,7,858527504,6,30,1.03898645440637
feedback_delay_24,8,1816437448,6,30,0.6670897042428418
feedback_delay_24,9,3048369334,6,30,0.7361530801262202
feedback_delay_24,10,1400142473,6,30,0.705131483339827
feedback_delay_24,11,2199753328,6,30,0.6325702655750306
feedback_delay_24,12,1950944253,6,30,0.5741200696583356
feedback_delay_24,13,1439800847,6,30,0.7205639499551476
feedback_delay_24,14,1699023239,6,30,0.993794916318344
feedback_delay_24,15,744304938,6,30,0.6158110828464153
feedback_delay_24,16,3332357462,6,30,0.8536881027607194
feedback_delay_24,17,2607616949,6,30,0.7183558032819173
feedback_delay_24,18,2785588446,6,30,0.926645375868458
feedback_delay_24,19,2326026774,6,30,1.2604405611116316
feedback_delay_24,20,1190556536,6,30,0.8740986726578606
feedback_delay_24,21,1832435812,6,30,0.7205338482129865
feedback_delay_24,22,3758733651,6,30,0.5543709562324565
feedback_delay_24,23,3826670891,6,30,0.5033589143429624
feedback_delay_24,24,332882573,6,30,0.7984270200231661
feedback_delay_24,25,126882987,6,30,0.808118297167876
feedback_delay_24,26,1811283073,6,30,0.5992920666384008
feedback_delay_24,27,219745394,6,30,0.6438476830330143
feedback_delay_24,28,3462496116,6,30,0.6236845669656119
feedback_delay_24,29,75725724,6,30,0.741858392207781
feedback_delay_24,0,3256145307,0,30,0.8921532549858753
feedback_delay_24,1,926503245,0,30,0.9258427958041054
feedback_delay_24,2,1263450924,0,30,0.7709354496821439
feedback_delay_24,3,1463822826,0,30,0.7725924944813171
feedback_delay_24,4,3438577879,0,30,0.7579275100282007
feedback_delay_24,5,3800870049,0,30,0.6776978058594596
feedback_delay_24,6,512931241,0,30,0.6869973612149599
feedback_delay_24,7,858527504,0,30,1.0178254244151776
feedback_delay_24,8,1816437448,0,30,0.6502968797837826
feedback_delay_24,9,3048369334,0,30,0.683781501275311
feedback_delay_24,10,1400142473,0,30,0.6751209893156008
feedback_delay_24,11,2199753328,0,30,0.7364035615802434
feedback_delay_24,12,1950944253,0,30,0.5980511250723914
feedback_delay_24,13,1439800847,0,30,0.7443185009947213
feedback_delay_24,14,1699023239,0,30,0.954235462296704
feedback_delay_24,15,744304938,0,30,0.7645078978158055
feedback_delay_24,16,3332357462,0,30,0.7985561084262948
feedback_delay_24,17,2607616949,0,30,0.6857621558925445
feedback_delay_24,18,2785588446,0,30,0.9094455974626541
feedback_delay_24,19,2326026774,0,30,1.195009028222902
feedback_delay_24,20,1190556536,0,30,0.8181094118101305
feedback_delay_24,21,1832435812,0,30,0.6855774999562391
feedback_delay_24,22,3758733651,0,30,0.534127072146348
feedback_delay_24,23,3826670891,0,30,0.5588139696992583
feedback_delay_24,24,332882573,0,30,0.8157350997619489
feedback_delay_24,25,126882987,0,30,0.9327322548445312
feedback_delay_24,26,1811283073,0,30,0.6846440586417807
feedback_delay_24,27,219745394,0,30,0.6838591915624287
feedback_delay_24,28,3462496116,0,30,0.650326198416868
feedback_delay_24,29,75725724,0,30,0.7933357083714415
feedback_delay_24,0,3256145307,30,300,0.13412894553312169
feedback_delay_24,1,926503245,30,300,0.13660782240374622
feedback_delay_24,2,1263450924,30,300,0.13171999062853373
feedback_delay_24,3,1463822826,30,300,0.1313431623302707
feedback_delay_24,4,3438577879,30,300,0.12059479921536935
feedback_delay_24,5,3800870049,30,300,0.12209104071829563
feedback_delay_24,6,512931241,30,300,0.13048388498243899
feedback_delay_24,7,858527504,30,300,0.12453085150253693
feedback_delay_24,8,1816437448,30,300,0.12128588303447353
feedback_delay_24,9,3048369334,30,300,0.13567471057888855
feedback_delay_24,10,1400142473,30,300,0.13105638246090795
feedback_delay_24,11,2199753328,30,300,0.13171064843374747
feedback_delay_24,12,1950944253,30,300,0.12497184679857204
feedback_delay_24,13,1439800847,30,300,0.12303827929992824
feedback_delay_24,14,1699023239,30,300,0.13556323376050602
feedback_delay_24,15,744304938,30,300,0.11864008771429703
feedback_delay_24,16,3332357462,30,300,0.12707764479813957
feedback_delay_24,17,2607616949,30,300,0.12043799164086266
feedback_delay_24,18,2785588446,30,300,0.1399947743854995
feedback_delay_24,19,2326026774,30,300,0.14304149234146674
feedback_delay_24,20,1190556536,30,300,0.14147677124468597
feedback_delay_24,21,1832435812,30,300,0.14461176257684788
feedback_delay_24,22,3758733651,30,300,0.11611819209014387
feedback_delay_24,23,3826670891,30,300,0.12945589970330465
feedback_delay_24,24,332882573,30,300,0.12583948913095686
feedback_delay_24,25,126882987,30,300,0.1284607604315353
feedback_delay_24,26,1811283073,30,300,0.12681194645594077
feedback_delay_24,27,219745394,30,300,0.13136663487508826
feedback_delay_24,28,3462496116,30,300,0.12941089558046964
feedback_delay_24,29,75725724,30,300,0.13073761098635078
feedback_delay_24,0,3256145307,90,300,0.13580627968233025
feedback_delay_24,1,926503245,90,300,0.13731600649410433
feedback_delay_24,2,1263450924,90,300,0.13188754711197154
feedback_delay_24,3,1463822826,90,300,0.13294284712025028
feedback_delay_24,4,3438577879,90,300,0.12135381171723207
feedback_delay_24,5,3800870049,90,300,0.12049166321839366
feedback_delay_24,6,512931241,90,300,0.1312198593277924
feedback_delay_24,7,858527504,90,300,0.1234604201529803
feedback_delay_24,8,1816437448,90,300,0.12127617272319377
feedback_delay_24,9,3048369334,90,300,0.13774227471240133
feedback_delay_24,10,1400142473,90,300,0.13244148732307492
feedback_delay_24,11,2199753328,90,300,0.1317594053505269
feedback_delay_24,12,1950944253,90,300,0.12494366891510264
feedback_delay_24,13,1439800847,90,300,0.12195227318887958
feedback_delay_24,14,1699023239,90,300,0.13435405254715954
feedback_delay_24,15,744304938,90,300,0.11720636192300678
feedback_delay_24,16,3332357462,90,300,0.12821824157084075
feedback_delay_24,17,2607616949,90,300,0.11912310651396917
feedback_delay_24,18,2785588446,90,300,0.1396332642737726
feedback_delay_24,19,2326026774,90,300,0.14080523813330248
feedback_delay_24,20,1190556536,90,300,0.1429968372976889
feedback_delay_24,21,1832435812,90,300,0.1419672912563134
feedback_delay_24,22,3758733651,90,300,0.11448465303364104
feedback_delay_24,23,3826670891,90,300,0.12663254708087537
feedback_delay_24,24,332882573,90,300,0.1280831454468606
feedback_delay_24,25,126882987,90,300,0.1334576449331565
feedback_delay_24,26,1811283073,90,300,0.12568116237698124
feedback_delay_24,27,219745394,90,300,0.13292345288859828
feedback_delay_24,28,3462496116,90,300,0.12755747273645449
feedback_delay_24,29,75725724,90,300,0.13520087254835522
no_deliberation,0,3256145307,0,300,0.14195244572044557
no_deliberation,1,926503245,0,300,0.14458614904950592
no_deliberation,2,1263450924,0,300,0.12562127678869472
no_deliberation,3,1463822826,0,300,0.14934823990821225
no_deliberation,4,3438577879,0,300,0.12672118467458332
no_deliberation,5,3800870049,0,300,0.12584755051519447
no_deliberation,6,512931241,0,300,0.1328698285766671
no_deliberation,7,858527504,0,300,0.13287141983658907
no_deliberation,8,1816437448,0,300,0.13053039557686016
no_deliberation,9,3048369334,0,300,0.13303334236508818
no_deliberation,10,1400142473,0,300,0.13202674533151623
no_deliberation,11,2199753328,0,300,0.13585317096412244
no_deliberation,12,1950944253,0,300,0.13197450687720838
no_deliberation,13,1439800847,0,300,0.13751689740923184
no_deliberation,14,1699023239,0,300,0.13971165451362816
no_deliberation,15,744304938,0,300,0.12904034403750078
no_deliberation,16,3332357462,0,300,0.13267540188352608
no_deliberation,17,2607616949,0,300,0.11788914994542873
no_deliberation,18,2785588446,0,300,0.14410681426673796
no_deliberation,19,2326026774,0,300,0.14868354978770137
no_deliberation,20,1190556536,0,300,0.13653039249594573
no_deliberation,21,1832435812,0,300,0.14273239596798074
no_deliberation,22,3758733651,0,300,0.12315631420866766
no_deliberation,23,3826670891,0,300,0.13188767766108814
no_deliberation,24,332882573,0,300,0.13037205152007791
no_deliberation,25,126882987,0,300,0.1382516012531494
no_deliberation,26,1811283073,0,300,0.1258354656326923
no_deliberation,27,219745394,0,300,0.13810251802878173
no_deliberation,28,3462496116,0,300,0.13087309316346638
no_deliberation,29,75725724,0,300,0.13659539636923196
no_deliberation,0,3256145307,0,6,0.2916178068712284
no_deliberation,1,926503245,0,6,0.4502198971823652
no_deliberation,2,1263450924,0,6,0.21498111841200032
no_deliberation,3,1463822826,0,6,0.6811522530840625
no_deliberation,4,3438577879,0,6,0.4442983799738512
no_deliberation,5,3800870049,0,6,0.26274613720733925
no_deliberation,6,512931241,0,6,0.3235972825069775
no_deliberation,7,858527504,0,6,0.20544070948005042
no_deliberation,8,1816437448,0,6,0.30962720140255234
no_deliberation,9,3048369334,0,6,0.21585994480665419
no_deliberation,10,1400142473,0,6,0.24588427505921953
no_deliberation,11,2199753328,0,6,0.44941645901202487
no_deliberation,12,1950944253,0,6,0.3927885173027063
no_deliberation,13,1439800847,0,6,0.4047998155350477
no_deliberation,14,1699023239,0,6,0.3110826938663079
no_deliberation,15,744304938,0,6,0.5650902750551154
no_deliberation,16,3332357462,0,6,0.3490149881656466
no_deliberation,17,2607616949,0,6,0.2609439202820742
no_deliberation,18,2785588446,0,6,0.29811884528168947
no_deliberation,19,2326026774,0,6,0.39265488630126905
no_deliberation,20,1190556536,0,6,0.2719287777265936
no_deliberation,21,1832435812,0,6,0.334075071308622
no_deliberation,22,3758733651,0,6,0.3004295276952081
no_deliberation,23,3826670891,0,6,0.3826166660731889
no_deliberation,24,332882573,0,6,0.2871599744245609
no_deliberation,25,126882987,0,6,0.5407472342928704
no_deliberation,26,1811283073,0,6,0.3687716679871293
no_deliberation,27,219745394,0,6,0.33170810554514935
no_deliberation,28,3462496116,0,6,0.3966114090898361
no_deliberation,29,75725724,0,6,0.5266537504462575
no_deliberation,0,3256145307,6,30,0.14070000122587686
no_deliberation,1,926503245,6,30,0.15796943266467328
no_deliberation,2,1263450924,6,30,0.12465188214071223
no_deliberation,3,1463822826,6,30,0.14448582925906572
no_deliberation,4,3438577879,6,30,0.11788546532916522
no_deliberation,5,3800870049,6,30,0.10599776899326813
no_deliberation,6,512931241,6,30,0.13081415873083513
no_deliberation,7,858527504,6,30,0.14239474058296225
no_deliberation,8,1816437448,6,30,0.12108952653127342
no_deliberation,9,3048369334,6,30,0.132175662852439
no_deliberation,10,1400142473,6,30,0.11738566871308802
no_deliberation,11,2199753328,6,30,0.12006063327857268
no_deliberation,12,1950944253,6,30,0.11951449647060765
no_deliberation,13,1439800847,6,30,0.1399827172215485
no_deliberation,14,1699023239,6,30,0.14962463410063706
no_deliberation,15,744304938,6,30,0.12366603750363288
no_deliberation,16,3332357462,6,30,0.12974220615212806
no_deliberation,17,2607616949,6,30,0.10028147834983749
no_deliberation,18,2785588446,6,30,0.12516484159337118
no_deliberation,19,2326026774,6,30,0.15256678894709658
no_deliberation,20,1190556536,6,30,0.13021973593116595
no_deliberation,21,1832435812,6,30,0.1360139935830343
no_deliberation,22,3758733651,6,30,0.12935571463421203
no_deliberation,23,3826670891,6,30,0.10525819128823767
no_deliberation,24,332882573,6,30,0.13055055291969186
no_deliberation,25,126882987,6,30,0.14235562822577308
no_deliberation,26,1811283073,6,30,0.12149983369658852
no_deliberation,27,219745394,6,30,0.11614764230691739
no_deliberation,28,3462496116,6,30,0.11531482989764547
no_deliberation,29,75725724,6,30,0.12209981272083627
no_deliberation,0,3256145307,0,30,0.17088356235494714
no_deliberation,1,926503245,0,30,0.21641952556821167
no_deliberation,2,1263450924,0,30,0.14271772939496985
no_deliberation,3,1463822826,0,30,0.25181911402406504
no_deliberation,4,3438577879,0,30,0.18316804825810243
no_deliberation,5,3800870049,0,30,0.13734744263608237
no_deliberation,6,512931241,0,30,0.16937078348606363
no_deliberation,7,858527504,0,30,0.15500393436237989
no_deliberation,8,1816437448,0,30,0.15879706150552922
no_deliberation,9,3048369334,0,30,0.14891251924328203
no_deliberation,10,1400142473,0,30,0.14308538998231432
no_deliberation,11,2199753328,0,30,0.1859317984252631
no_deliberation,12,1950944253,0,30,0.17416930063702737
no_deliberation,13,1439800847,0,30,0.19294613688424836
no_deliberation,14,1699023239,0,30,0.1819162460537712
no_deliberation,15,744304938,0,30,0.21195088501392942
no_deliberation,16,3332357462,0,30,0.17359676255483175
no_deliberation,17,2607616949,0,30,0.13241396673628483
no_deliberation,18,2785588446,0,30,0.15975564233103484
no_deliberation,19,2326026774,0,30,0.20058440841793107
no_deliberation,20,1190556536,0,30,0.15856154429025146
no_deliberation,21,1832435812,0,30,0.17562620912815183
no_deliberation,22,3758733651,0,30,0.16357047724641124
no_deliberation,23,3826670891,0,30,0.1607298862452279
no_deliberation,24,332882573,0,30,0.1618724372206657
no_deliberation,25,126882987,0,30,0.22203394943919255
no_deliberation,26,1811283073,0,30,0.1709542005546967
no_deliberation,27,219745394,0,30,0.1592597349545638
no_deliberation,28,3462496116,0,30,0.1715741457360836
no_deliberation,29,75725724,0,30,0.20301060026592052
no_deliberation,0,3256145307,30,300,0.13873787720550093
no_deliberation,1,926503245,30,300,0.13660466276964975
no_deliberation,2,1263450924,30,300,0.12372167094355303
no_deliberation,3,1463822826,30,300,0.13796258722867305
no_deliberation,4,3438577879,30,300,0.12044931094308119
no_deliberation,5,3800870049,30,300,0.12456978472398472
no_deliberation,6,512931241,30,300,0.1288141669200675
no_deliberation,7,858527504,30,300,0.13041225155594563
no_deliberation,8,1816437448,30,300,0.12738965491811913
no_deliberation,9,3048369334,30,300,0.13126898937862222
no_deliberation,10,1400142473,30,300,0.1307980070369831
no_deliberation,11,2199753328,30,300,0.1302888790239957
no_deliberation,12,1950944253,30,300,0.12728619645945075
no_deliberation,13,1439800847,30,300,0.1313580930231189
no_deliberation,14,1699023239,30,300,0.13502225545361227
no_deliberation,15,744304938,30,300,0.11982806170678652
no_deliberation,16,3332357462,30,300,0.12812858403115882
no_deliberation,17,2607616949,30,300,0.1162752814131114
no_deliberation,18,2785588446,30,300,0.1423680555929272
no_deliberation,19,2326026774,30,300,0.14291678771767585
no_deliberation,20,1190556536,30,300,0.13408248674102285
no_deliberation,21,1832435812,30,300,0.13907752783907285
no_deliberation,22,3758733651,30,300,0.11866585164891838
no_deliberation,23,3826670891,30,300,0.12868298781840595
no_deliberation,24,332882573,30,300,0.12687200866445708
no_deliberation,25,126882987,30,300,0.12894245145470015
no_deliberation,26,1811283073,30,300,0.12082227286358067
no_deliberation,27,219745394,30,300,0.13575171614813925
no_deliberation,28,3462496116,30,300,0.12635075398873113
no_deliberation,29,75725724,30,300,0.1292159292695999
no_deliberation,0,3256145307,90,300,0.13689245954880916
no_deliberation,1,926503245,90,300,0.13907193960789405
no_deliberation,2,1263450924,90,300,0.12458809048591096
no_deliberation,3,1463822826,90,300,0.13969147214716907
no_deliberation,4,3438577879,90,300,0.12155639855714777
no_deliberation,5,3800870049,90,300,0.12183315051651843
no_deliberation,6,512931241,90,300,0.13118405021345333
no_deliberation,7,858527504,90,300,0.12984733577354696
no_deliberation,8,1816437448,90,300,0.12774697200042054
no_deliberation,9,3048369334,90,300,0.13114814372688055
no_deliberation,10,1400142473,90,300,0.12944839560082722
no_deliberation,11,2199753328,90,300,0.12975935498132227
no_deliberation,12,1950944253,90,300,0.13032279412356168
no_deliberation,13,1439800847,90,300,0.13108293879464458
no_deliberation,14,1699023239,90,300,0.133982829954162
no_deliberation,15,744304938,90,300,0.11931823377738968
no_deliberation,16,3332357462,90,300,0.1291892506357053
no_deliberation,17,2607616949,90,300,0.11590404677974811
no_deliberation,18,2785588446,90,300,0.14182284118785812
no_deliberation,19,2326026774,90,300,0.14474774916269187
no_deliberation,20,1190556536,90,300,0.136006520426152
no_deliberation,21,1832435812,90,300,0.1341480184138048
no_deliberation,22,3758733651,90,300,0.11713555976008179
no_deliberation,23,3826670891,90,300,0.12983207625437115
no_deliberation,24,332882573,90,300,0.12258822624519429
no_deliberation,25,126882987,90,300,0.1295975075904547
no_deliberation,26,1811283073,90,300,0.11907029493992127
no_deliberation,27,219745394,90,300,0.13785253658648378
no_deliberation,28,3462496116,90,300,0.12457415824072626
no_deliberation,29,75725724,90,300,0.1284368772923604
record_only_10,0,3256145307,0,300,0.0903741539811973
record_only_10,1,926503245,0,300,0.08332843298239787
record_only_10,2,1263450924,0,300,0.0847923869409123
record_only_10,3,1463822826,0,300,0.08474680416035174
record_only_10,4,3438577879,0,300,0.0836971381369949
record_only_10,5,3800870049,0,300,0.08431308251757821
record_only_10,6,512931241,0,300,0.07934668976694116
record_only_10,7,858527504,0,300,0.07776425846060499
record_only_10,8,1816437448,0,300,0.08342469288076497
record_only_10,9,3048369334,0,300,0.08122125313453564
record_only_10,10,1400142473,0,300,0.08844295714523157
record_only_10,11,2199753328,0,300,0.08641317700702657
record_only_10,12,1950944253,0,300,0.08919540314110375
record_only_10,13,1439800847,0,300,0.07970414917261417
record_only_10,14,1699023239,0,300,0.0825351398267798
record_only_10,15,744304938,0,300,0.09076338178234879
record_only_10,16,3332357462,0,300,0.07944798314832978
record_only_10,17,2607616949,0,300,0.07754694102459984
record_only_10,18,2785588446,0,300,0.08793582119102183
record_only_10,19,2326026774,0,300,0.08777672214780008
record_only_10,20,1190556536,0,300,0.08423051208700497
record_only_10,21,1832435812,0,300,0.08720870333580812
record_only_10,22,3758733651,0,300,0.08708620784484623
record_only_10,23,3826670891,0,300,0.08418881170051642
record_only_10,24,332882573,0,300,0.09308392690545995
record_only_10,25,126882987,0,300,0.0846652170317161
record_only_10,26,1811283073,0,300,0.0828883588017713
record_only_10,27,219745394,0,300,0.08641058507154913
record_only_10,28,3462496116,0,300,0.08737640019945594
record_only_10,29,75725724,0,300,0.08334827496484348
record_only_10,0,3256145307,0,6,0.6407966240350418
record_only_10,1,926503245,0,6,0.28338577234012646
record_only_10,2,1263450924,0,6,0.43765193057497953
record_only_10,3,1463822826,0,6,0.47021518854710226
record_only_10,4,3438577879,0,6,0.3767379006277702
record_only_10,5,3800870049,0,6,0.3829457117904786
record_only_10,6,512931241,0,6,0.3430220854081795
record_only_10,7,858527504,0,6,0.328188157284039
record_only_10,8,1816437448,0,6,0.39119645992881563
record_only_10,9,3048369334,0,6,0.324143864942778
record_only_10,10,1400142473,0,6,0.5361411664923694
record_only_10,11,2199753328,0,6,0.6891873187186159
record_only_10,12,1950944253,0,6,0.5658361784564652
record_only_10,13,1439800847,0,6,0.3942331751753487
record_only_10,14,1699023239,0,6,0.30947521895953145
record_only_10,15,744304938,0,6,0.8104652953959839
record_only_10,16,3332357462,0,6,0.2250104795014335
record_only_10,17,2607616949,0,6,0.32085311236336606
record_only_10,18,2785588446,0,6,0.5028586453394164
record_only_10,19,2326026774,0,6,0.5069496745921199
record_only_10,20,1190556536,0,6,0.34113864998472665
record_only_10,21,1832435812,0,6,0.3286402964905389
record_only_10,22,3758733651,0,6,0.4571134374615018
record_only_10,23,3826670891,0,6,0.41192174574071544
record_only_10,24,332882573,0,6,0.8420610277114603
record_only_10,25,126882987,0,6,0.4604315974214528
record_only_10,26,1811283073,0,6,0.5282304050833501
record_only_10,27,219745394,0,6,0.5927683121838232
record_only_10,28,3462496116,0,6,0.5357190278112404
record_only_10,29,75725724,0,6,0.31655220377579546
record_only_10,0,3256145307,6,30,0.07964842639397422
record_only_10,1,926503245,6,30,0.09041249140280823
record_only_10,2,1263450924,6,30,0.09273053646504387
record_only_10,3,1463822826,6,30,0.07446017465016876
record_only_10,4,3438577879,6,30,0.08232110113607484
record_only_10,5,3800870049,6,30,0.09320907999600232
record_only_10,6,512931241,6,30,0.07564798939709347
record_only_10,7,858527504,6,30,0.08383776657428073
record_only_10,8,1816437448,6,30,0.07849888236866735
record_only_10,9,3048369334,6,30,0.07969171417874164
record_only_10,10,1400142473,6,30,0.07924654094350214
record_only_10,11,2199753328,6,30,0.08014598619272852
record_only_10,12,1950944253,6,30,0.0814993006266031
record_only_10,13,1439800847,6,30,0.07985283776698905
record_only_10,14,1699023239,6,30,0.07764321007422878
record_only_10,15,744304938,6,30,0.07812510599480493
record_only_10,16,3332357462,6,30,0.08684462290187668
record_only_10,17,2607616949,6,30,0.07922894851390924
record_only_10,18,2785588446,6,30,0.07050148330719039
record_only_10,19,2326026774,6,30,0.07662105203201015
record_only_10,20,1190556536,6,30,0.07725522165129305
record_only_10,21,1832435812,6,30,0.08699082103974233
record_only_10,22,3758733651,6,30,0.07930050152683997
record_only_10,23,3826670891,6,30,0.06930152752746817
record_only_10,24,332882573,6,30,0.06716759197838319
record_only_10,25,126882987,6,30,0.08120271690178353
record_only_10,26,1811283073,6,30,0.06998741994614772
record_only_10,27,219745394,6,30,0.06770023139537772
record_only_10,28,3462496116,6,30,0.0688007177441511
record_only_10,29,75725724,6,30,0.08152608895706588
record_only_10,0,3256145307,0,30,0.19187806592218773
record_only_10,1,926503245,0,30,0.12900714759027185
record_only_10,2,1263450924,0,30,0.16171481528703102
record_only_10,3,1463822826,0,30,0.1536111774295555
record_only_10,4,3438577879,0,30,0.1412044610344139
record_only_10,5,3800870049,0,30,0.15115640635489758
record_only_10,6,512931241,0,30,0.1291228085993107
record_only_10,7,858527504,0,30,0.13270784471623237
record_only_10,8,1816437448,0,30,0.141038397880697
record_only_10,9,3048369334,0,30,0.1285821443315489
record_only_10,10,1400142473,0,30,0.1706254660532756
record_only_10,11,2199753328,0,30,0.20195425269790598
record_only_10,12,1950944253,0,30,0.17836667619257554
record_only_10,13,1439800847,0,30,0.14272890524866097
record_only_10,14,1699023239,0,30,0.12400961185128931
record_only_10,15,744304938,0,30,0.22459314387504073
record_only_10,16,3332357462,0,30,0.11447779422178804
record_only_10,17,2607616949,0,30,0.12755378128380063
record_only_10,18,2785588446,0,30,0.15697291571363559
record_only_10,19,2326026774,0,30,0.16268677654403213
record_only_10,20,1190556536,0,30,0.13003190731797976
record_only_10,21,1832435812,0,30,0.13532071612990165
record_only_10,22,3758733651,0,30,0.15486308871377236
record_only_10,23,3826670891,0,30,0.13782557117011762
record_only_10,24,332882573,0,30,0.22214627912499862
record_only_10,25,126882987,0,30,0.15704849300571738
record_only_10,26,1811283073,0,30,0.16163601697358818
record_only_10,27,219745394,0,30,0.1727138475530668
record_only_10,28,3462496116,0,30,0.16218437975756897
record_only_10,29,75725724,0,30,0.1285313119208118
record_only_10,0,3256145307,30,300,0.07909594154330947
record_only_10,1,926503245,30,300,0.07825302024818964
record_only_10,2,1263450924,30,300,0.07624545045801023
record_only_10,3,1463822826,30,300,0.07709520713044021
record_only_10,4,3438577879,30,300,0.07730743559283723
record_only_10,5,3800870049,30,300,0.07688604653565384
record_only_10,6,512931241,30,300,0.07381600989667789
record_only_10,7,858527504,30,300,0.07165941554331305
record_only_10,8,1816437448,30,300,0.07702317010299474
record_only_10,9,3048369334,30,300,0.07595893189042305
record_only_10,10,1400142473,30,300,0.07931156726656001
record_only_10,11,2199753328,30,300,0.07357527970803995
record_only_10,12,1950944253,30,300,0.07928748391316243
record_only_10,13,1439800847,30,300,0.07270139849749785
record_only_10,14,1699023239,30,300,0.07792686515738986
record_only_10,15,744304938,30,300,0.07589340821649412
record_only_10,16,3332357462,30,300,0.07555578191794554
record_only_10,17,2607616949,30,300,0.07199062544024422
record_only_10,18,2785588446,30,300,0.08026503291073142
record_only_10,19,2326026774,30,300,0.07945338277044096
record_only_10,20,1190556536,30,300,0.0791414681724522
record_only_10,21,1832435812,30,300,0.08186292413646439
record_only_10,22,3758733651,30,300,0.07955544330385443
record_only_10,23,3826670891,30,300,0.07822917175944961
record_only_10,24,332882573,30,300,0.07874366554773345
record_only_10,25,126882987,30,300,0.07662263081238263
record_only_10,26,1811283073,30,300,0.07413861900490275
record_only_10,27,219745394,30,300,0.07682133368471383
record_only_10,28,3462496116,30,300,0.07906440247077672
record_only_10,29,75725724,30,300,0.07832793752529144
record_only_10,0,3256145307,90,300,0.07915330090595259
record_only_10,1,926503245,90,300,0.07723783056716492
record_only_10,2,1263450924,90,300,0.07559547072623844
record_only_10,3,1463822826,90,300,0.07741073731317188
record_only_10,4,3438577879,90,300,0.07844933890263885
record_only_10,5,3800870049,90,300,0.07667100993324971
record_only_10,6,512931241,90,300,0.07699133234730572
record_only_10,7,858527504,90,300,0.07130365694711087
record_only_10,8,1816437448,90,300,0.07622425074788106
record_only_10,9,3048369334,90,300,0.07723761703191906
record_only_10,10,1400142473,90,300,0.07877680526973245
record_only_10,11,2199753328,90,300,0.07228485968352014
record_only_10,12,1950944253,90,300,0.08166038149647695
record_only_10,13,1439800847,90,300,0.07131636035027168
record_only_10,14,1699023239,90,300,0.07664030975007223
record_only_10,15,744304938,90,300,0.07520566262434371
record_only_10,16,3332357462,90,300,0.07625455951501629
record_only_10,17,2607616949,90,300,0.07246890982635393
record_only_10,18,2785588446,90,300,0.08038960841105515
record_only_10,19,2326026774,90,300,0.08027284930069417
record_only_10,20,1190556536,90,300,0.08207397554552759
record_only_10,21,1832435812,90,300,0.08003503898131538
record_only_10,22,3758733651,90,300,0.07976466150558685
record_only_10,23,3826670891,90,300,0.07747445803315414
record_only_10,24,332882573,90,300,0.0774509303481807
record_only_10,25,126882987,90,300,0.07565215401702025
record_only_10,26,1811283073,90,300,0.07426815747700327
record_only_10,27,219745394,90,300,0.07840498640891778
record_only_10,28,3462496116,90,300,0.07693235077051842
record_only_10,29,75725724,90,300,0.07893070373750932
record_only_5,0,3256145307,0,300,0.17977611046442984
record_only_5,1,926503245,0,300,0.1645907156989275
record_only_5,2,1263450924,0,300,0.15590278952942488
record_only_5,3,1463822826,0,300,0.17525869177341585
record_only_5,4,3438577879,0,300,0.16671935996580392
record_only_5,5,3800870049,0,300,0.1560804363138442
record_only_5,6,512931241,0,300,0.15774680317053136
record_only_5,7,858527504,0,300,0.15566758577306916
record_only_5,8,1816437448,0,300,0.16276477510693146
record_only_5,9,3048369334,0,300,0.1558186049232587
record_only_5,10,1400142473,0,300,0.15811098355962402
record_only_5,11,2199753328,0,300,0.17480790907718036
record_only_5,12,1950944253,0,300,0.17491644400079648
record_only_5,13,1439800847,0,300,0.17322713493462857
record_only_5,14,1699023239,0,300,0.15593984710858996
record_only_5,15,744304938,0,300,0.1720160475608223
record_only_5,16,3332357462,0,300,0.15805932077297158
record_only_5,17,2607616949,0,300,0.152914364279764
record_only_5,18,2785588446,0,300,0.16825277435157598
record_only_5,19,2326026774,0,300,0.18233704458062483
record_only_5,20,1190556536,0,300,0.15839521284134847
record_only_5,21,1832435812,0,300,0.1690217173077415
record_only_5,22,3758733651,0,300,0.1727335143323958
record_only_5,23,3826670891,0,300,0.17229630953119227
record_only_5,24,332882573,0,300,0.17901967877638658
record_only_5,25,126882987,0,300,0.1946182061156126
record_only_5,26,1811283073,0,300,0.16555512448033155
record_only_5,27,219745394,0,300,0.20210308201027205
record_only_5,28,3462496116,0,300,0.1595172704717841
record_only_5,29,75725724,0,300,0.16603884053243775
record_only_5,0,3256145307,0,6,1.2233018671458573
record_only_5,1,926503245,0,6,0.8164760681381952
record_only_5,2,1263450924,0,6,0.46464444698172563
record_only_5,3,1463822826,0,6,1.1300378818645975
record_only_5,4,3438577879,0,6,0.8294133805037228
record_only_5,5,3800870049,0,6,0.44007012136328755
record_only_5,6,512931241,0,6,0.6878448590765142
record_only_5,7,858527504,0,6,0.5118779748980897
record_only_5,8,1816437448,0,6,0.5501454425193509
record_only_5,9,3048369334,0,6,0.3433286914106389
record_only_5,10,1400142473,0,6,0.40592506077533735
record_only_5,11,2199753328,0,6,1.6228194965942213
record_only_5,12,1950944253,0,6,0.868237616571406
record_only_5,13,1439800847,0,6,1.004350434822703
record_only_5,14,1699023239,0,6,0.3867475931484154
record_only_5,15,744304938,0,6,1.2047925944227995
record_only_5,16,3332357462,0,6,0.42840501428669914
record_only_5,17,2607616949,0,6,0.7554134002050561
record_only_5,18,2785588446,0,6,0.8168602261388598
record_only_5,19,2326026774,0,6,1.3058788988018657
record_only_5,20,1190556536,0,6,0.33538050228753497
record_only_5,21,1832435812,0,6,0.6569313444923496
record_only_5,22,3758733651,0,6,1.0634845970032194
record_only_5,23,3826670891,0,6,1.1180302461894973
record_only_5,24,332882573,0,6,1.3589741441630485
record_only_5,25,126882987,0,6,2.334348478294455
record_only_5,26,1811283073,0,6,1.008032600382087
record_only_5,27,219745394,0,6,2.557919288793436
record_only_5,28,3462496116,0,6,0.6446074117745718
record_only_5,29,75725724,0,6,1.0314739360302163
record_only_5,0,3256145307,6,30,0.15968295189598813
record_only_5,1,926503245,6,30,0.16860672876194613
record_only_5,2,1263450924,6,30,0.159731440930481
record_only_5,3,1463822826,6,30,0.15889095038270987
record_only_5,4,3438577879,6,30,0.15963826367179315
record_only_5,5,3800870049,6,30,0.15182095809908216
record_only_5,6,512931241,6,30,0.1447965039391446
record_only_5,7,858527504,6,30,0.16453229453773596
record_only_5,8,1816437448,6,30,0.1452113215796622
record_only_5,9,3048369334,6,30,0.16423679461913873
record_only_5,10,1400142473,6,30,0.151756599826861
record_only_5,11,2199753328,6,30,0.1423827336973271
record_only_5,12,1950944253,6,30,0.17418141543567922
record_only_5,13,1439800847,6,30,0.17953735199095308
record_only_5,14,1699023239,6,30,0.16611188915777467
record_only_5,15,744304938,6,30,0.14525426007965472
record_only_5,16,3332357462,6,30,0.14420413561171658
record_only_5,17,2607616949,6,30,0.12372206152585212
record_only_5,18,2785588446,6,30,0.1355467259543969
record_only_5,19,2326026774,6,30,0.16734080982138969
record_only_5,20,1190556536,6,30,0.1490459561241205
record_only_5,21,1832435812,6,30,0.16290563804720426
record_only_5,22,3758733651,6,30,0.15970156803032112
record_only_5,23,3826670891,6,30,0.12883120531473705
record_only_5,24,332882573,6,30,0.14483507409070492
record_only_5,25,126882987,6,30,0.1618079716883346
record_only_5,26,1811283073,6,30,0.153916962841445
record_only_5,27,219745394,6,30,0.12089211115020847
record_only_5,28,3462496116,6,30,0.14829076479582792
record_only_5,29,75725724,6,30,0.14293268405650247
record_only_5,0,3256145307,0,30,0.37240673494596194
record_only_5,1,926503245,0,30,0.2981805966371959
record_only_5,2,1263450924,0,30,0.22071404214072993
record_only_5,3,1463822826,0,30,0.35312033667908743
record_only_5,4,3438577879,0,30,0.2935932870381791
record_only_5,5,3800870049,0,30,0.20947079075192324
record_only_5,6,512931241,0,30,0.2534061749666185
record_only_5,7,858527504,0,30,0.2340014306098067
record_only_5,8,1816437448,0,30,0.22619814576759995
record_only_5,9,3048369334,0,30,0.2000551739774388
record_only_5,10,1400142473,0,30,0.20259029201655623
record_only_5,11,2199753328,0,30,0.43847008627670586
record_only_5,12,1950944253,0,30,0.3129926556628246
record_only_5,13,1439800847,0,30,0.344499968557303
record_only_5,14,1699023239,0,30,0.2102390299559028
record_only_5,15,744304938,0,30,0.35716192694828375
record_only_5,16,3332357462,0,30,0.2010443113467131
record_only_5,17,2607616949,0,30,0.2500603292616929
record_only_5,18,2785588446,0,30,0.2718094259912895
record_only_5,19,2326026774,0,30,0.3950484276174849
record_only_5,20,1190556536,0,30,0.1863128653568034
record_only_5,21,1832435812,0,30,0.2617107793362333
record_only_5,22,3758733651,0,30,0.34045817382490084
record_only_5,23,3826670891,0,30,0.32667101348968913
record_only_5,24,332882573,0,30,0.3876628881051737
record_only_5,25,126882987,0,30,0.5963160730095587
record_only_5,26,1811283073,0,30,0.3247400903495734
record_only_5,27,219745394,0,30,0.6082975466788539
record_only_5,28,3462496116,0,30,0.2475540941915767
record_only_5,29,75725724,0,30,0.32064093445124525
record_only_5,0,3256145307,30,300,0.15837270774425963
record_only_5,1,926503245,30,300,0.14974739559467545
record_only_5,2,1263450924,30,300,0.1487015392392799
record_only_5,3,1463822826,30,300,0.1554962867838968
record_only_5,4,3438577879,30,300,0.15262225695776224
record_only_5,5,3800870049,30,300,0.1501481747096132
record_only_5,6,512931241,30,300,0.1471179840820772
record_only_5,7,858527504,30,300,0.1469638252356539
record_only_5,8,1816437448,30,300,0.1557166228113016
record_only_5,9,3048369334,30,300,0.15090343058390535
record_only_5,10,1400142473,30,300,0.15316883817552043
record_only_5,11,2199753328,30,300,0.1455121116105664
record_only_5,12,1950944253,30,300,0.15957464270501556
record_only_5,13,1439800847,30,300,0.15419682008766472
record_only_5,14,1699023239,30,300,0.14990660456999969
record_only_5,15,744304938,30,300,0.15144428318443773
record_only_5,16,3332357462,30,300,0.15328321070922252
record_only_5,17,2607616949,30,300,0.14212036817066076
record_only_5,18,2785588446,30,300,0.15674647972494113
record_only_5,19,2326026774,30,300,0.15870244646541817
record_only_5,20,1190556536,30,300,0.15529325145074235
record_only_5,21,1832435812,30,300,0.15872293263790904
record_only_5,22,3758733651,30,300,0.15409744105545078
record_only_5,23,3826670891,30,300,0.15514356464691484
record_only_5,24,332882573,30,300,0.15583709996207692
record_only_5,25,126882987,30,300,0.14998510979406302
record_only_5,26,1811283073,30,300,0.14786790605041578
record_only_5,27,219745394,30,300,0.15697036371376297
record_only_5,28,3462496116,30,300,0.14973540116958495
record_only_5,29,75725724,30,300,0.1488608300970147
record_only_5,0,3256145307,90,300,0.15682226934870405
record_only_5,1,926503245,90,300,0.1524306992446098
record_only_5,2,1263450924,90,300,0.14822871181637412
record_only_5,3,1463822826,90,300,0.15736633182705775
record_only_5,4,3438577879,90,300,0.15516792607547764
record_only_5,5,3800870049,90,300,0.1506586545632333
record_only_5,6,512931241,90,300,0.14979003683882208
record_only_5,7,858527504,90,300,0.14647907163415477
record_only_5,8,1816437448,90,300,0.15690641566672253
record_only_5,9,3048369334,90,300,0.1494822684288649
record_only_5,10,1400142473,90,300,0.15376781848681434
record_only_5,11,2199753328,90,300,0.14592242982587997
record_only_5,12,1950944253,90,300,0.16382227956510206
record_only_5,13,1439800847,90,300,0.15303609993584988
record_only_5,14,1699023239,90,300,0.14958640717984423
record_only_5,15,744304938,90,300,0.15099471103409165
record_only_5,16,3332357462,90,300,0.1552635939049453
record_only_5,17,2607616949,90,300,0.14100840264923878
record_only_5,18,2785588446,90,300,0.15705263209498435
record_only_5,19,2326026774,90,300,0.15878866135200018
record_only_5,20,1190556536,90,300,0.15937694184128323
record_only_5,21,1832435812,90,300,0.1518786175646202
record_only_5,22,3758733651,90,300,0.1522260465637564
record_only_5,23,3826670891,90,300,0.1543071977504723
record_only_5,24,332882573,90,300,0.15242937021936862
record_only_5,25,126882987,90,300,0.1477482350175094
record_only_5,26,1811283073,90,300,0.1447024971242414
record_only_5,27,219745394,90,300,0.1601230255814013
record_only_5,28,3462496116,90,300,0.1466242867061683
record_only_5,29,75725724,90,300,0.14815672214975045
lottery_only_10,0,3256145307,0,300,0.3287213845368491
lottery_only_10,1,926503245,0,300,0.287118512570081
lottery_only_10,2,1263450924,0,300,0.24312776151790155
lottery_only_10,3,1463822826,0,300,0.24590097704943986
lottery_only_10,4,3438577879,0,300,0.23154866928531273
lottery_only_10,5,3800870049,0,300,0.26608722050847805
lottery_only_10,6,512931241,0,300,0.2576574390228542
lottery_only_10,7,858527504,0,300,0.2602822732650668
lottery_only_10,8,1816437448,0,300,0.24110414834923763
lottery_only_10,9,3048369334,0,300,0.23485007826438675
lottery_only_10,10,1400142473,0,300,0.3254087106730192
lottery_only_10,11,2199753328,0,300,0.281474698728483
lottery_only_10,12,1950944253,0,300,0.2798284562955601
lottery_only_10,13,1439800847,0,300,0.1895240038654501
lottery_only_10,14,1699023239,0,300,0.2707537113322792
lottery_only_10,15,744304938,0,300,0.26953970041856445
lottery_only_10,16,3332357462,0,300,0.20939635517352506
lottery_only_10,17,2607616949,0,300,0.2629706615383848
lottery_only_10,18,2785588446,0,300,0.3675420139915469
lottery_only_10,19,2326026774,0,300,0.31165611037728386
lottery_only_10,20,1190556536,0,300,0.30655148264839477
lottery_only_10,21,1832435812,0,300,0.29704984961182546
lottery_only_10,22,3758733651,0,300,0.2288228412530995
lottery_only_10,23,3826670891,0,300,0.25066272098054815
lottery_only_10,24,332882573,0,300,0.26150661334817404
lottery_only_10,25,126882987,0,300,0.23529830741131966
lottery_only_10,26,1811283073,0,300,0.2744179194379426
lottery_only_10,27,219745394,0,300,0.21220301966312158
lottery_only_10,28,3462496116,0,300,0.2860744652562642
lottery_only_10,29,75725724,0,300,0.30667430636924786
lottery_only_10,0,3256145307,0,6,0.5113158375746912
lottery_only_10,1,926503245,0,6,0.4517403089770014
lottery_only_10,2,1263450924,0,6,0.3851727686152557
lottery_only_10,3,1463822826,0,6,0.4226842471586618
lottery_only_10,4,3438577879,0,6,0.34717371193578317
lottery_only_10,5,3800870049,0,6,0.3637605147308727
lottery_only_10,6,512931241,0,6,0.4080769877221926
lottery_only_10,7,858527504,0,6,0.38366508471719635
lottery_only_10,8,1816437448,0,6,0.41945538154106493
lottery_only_10,9,3048369334,0,6,0.5291246563562525
lottery_only_10,10,1400142473,0,6,0.25878648501422985
lottery_only_10,11,2199753328,0,6,0.3323915518397043
lottery_only_10,12,1950944253,0,6,0.3700567163916535
lottery_only_10,13,1439800847,0,6,0.39719676895635964
lottery_only_10,14,1699023239,0,6,0.3921339873647869
lottery_only_10,15,744304938,0,6,0.6657962074474625
lottery_only_10,16,3332357462,0,6,0.3222178361411235
lottery_only_10,17,2607616949,0,6,0.20892457952545648
lottery_only_10,18,2785588446,0,6,0.31741182061947143
lottery_only_10,19,2326026774,0,6,0.3698643517672362
lottery_only_10,20,1190556536,0,6,0.43673549974897535
lottery_only_10,21,1832435812,0,6,0.49982161012637055
lottery_only_10,22,3758733651,0,6,0.40625547062665673
lottery_only_10,23,3826670891,0,6,0.2781566329132395
lottery_only_10,24,332882573,0,6,0.276165780038225
lottery_only_10,25,126882987,0,6,0.37467714010040654
lottery_only_10,26,1811283073,0,6,0.46626768780680483
lottery_only_10,27,219745394,0,6,0.38576992036539676
lottery_only_10,28,3462496116,0,6,0.4104563658181534
lottery_only_10,29,75725724,0,6,0.4695721223116261
lottery_only_10,0,3256145307,6,30,0.27420437430675076
lottery_only_10,1,926503245,6,30,0.2636017437070889
lottery_only_10,2,1263450924,6,30,0.2882526979262085
lottery_only_10,3,1463822826,6,30,0.2587028687040795
lottery_only_10,4,3438577879,6,30,0.22230525121968744
lottery_only_10,5,3800870049,6,30,0.307910209030216
lottery_only_10,6,512931241,6,30,0.24164375711664418
lottery_only_10,7,858527504,6,30,0.2529057541999794
lottery_only_10,8,1816437448,6,30,0.22036020952476962
lottery_only_10,9,3048369334,6,30,0.2375595362436198
lottery_only_10,10,1400142473,6,30,0.3303513444052701
lottery_only_10,11,2199753328,6,30,0.267382689249207
lottery_only_10,12,1950944253,6,30,0.2918714839458499
lottery_only_10,13,1439800847,6,30,0.18196083318641423
lottery_only_10,14,1699023239,6,30,0.2572462630739978
lottery_only_10,15,744304938,6,30,0.23744867546891635
lottery_only_10,16,3332357462,6,30,0.21277911458513368
lottery_only_10,17,2607616949,6,30,0.27671178575683886
lottery_only_10,18,2785588446,6,30,0.36261986488907105
lottery_only_10,19,2326026774,6,30,0.28407359119710046
lottery_only_10,20,1190556536,6,30,0.22129281385736096
lottery_only_10,21,1832435812,6,30,0.24180486534339232
lottery_only_10,22,3758733651,6,30,0.23956948988332982
lottery_only_10,23,3826670891,6,30,0.24256267272281318
lottery_only_10,24,332882573,6,30,0.30316969924717213
lottery_only_10,25,126882987,6,30,0.2502388280324116
lottery_only_10,26,1811283073,6,30,0.30103028218306
lottery_only_10,27,219745394,6,30,0.1884485893512022
lottery_only_10,28,3462496116,6,30,0.2590031910643038
lottery_only_10,29,75725724,6,30,0.2832728169830124
lottery_only_10,0,3256145307,0,30,0.32162666696033887
lottery_only_10,1,926503245,0,30,0.30122945676107143
lottery_only_10,2,1263450924,0,30,0.30763671206401794
lottery_only_10,3,1463822826,0,30,0.291499144394996
lottery_only_10,4,3438577879,0,30,0.24727894336290657
lottery_only_10,5,3800870049,0,30,0.31908027017034735
lottery_only_10,6,512931241,0,30,0.27493040323775386
lottery_only_10,7,858527504,0,30,0.2790576203034228
lottery_only_10,8,1816437448,0,30,0.26017924392802866
lottery_only_10,9,3048369334,0,30,0.29587256026614633
lottery_only_10,10,1400142473,0,30,0.316038372527062
lottery_only_10,11,2199753328,0,30,0.28038446176730647
lottery_only_10,12,1950944253,0,30,0.3075085304350106
lottery_only_10,13,1439800847,0,30,0.22500802034040332
lottery_only_10,14,1699023239,0,30,0.2842238079321556
lottery_only_10,15,744304938,0,30,0.3231181818646256
lottery_only_10,16,3332357462,0,30,0.23466685889633165
lottery_only_10,17,2607616949,0,30,0.26315434451056235
lottery_only_10,18,2785588446,0,30,0.35357825603515114
lottery_only_10,19,2326026774,0,30,0.3012317433111276
lottery_only_10,20,1190556536,0,30,0.26438135103568383
lottery_only_10,21,1832435812,0,30,0.293408214299988
lottery_only_10,22,3758733651,0,30,0.2729066860319952
lottery_only_10,23,3826670891,0,30,0.24968146476089845
lottery_only_10,24,332882573,0,30,0.29776891540538275
lottery_only_10,25,126882987,0,30,0.27512649044601056
lottery_only_10,26,1811283073,0,30,0.334077763307809
lottery_only_10,27,219745394,0,30,0.22791285555404112
lottery_only_10,28,3462496116,0,30,0.28929382601507375
lottery_only_10,29,75725724,0,30,0.32053267804873514
lottery_only_10,0,3256145307,30,300,0.3295096864897947
lottery_only_10,1,926503245,30,300,0.28555062988219315
lottery_only_10,2,1263450924,30,300,0.23596010034611084
lottery_only_10,3,1463822826,30,300,0.2408345140110447
lottery_only_10,4,3438577879,30,300,0.229800861054469
lottery_only_10,5,3800870049,30,300,0.26019910387938144
lottery_only_10,6,512931241,30,300,0.25573822077675423
lottery_only_10,7,858527504,30,300,0.2581961235941384
lottery_only_10,8,1816437448,30,300,0.23898469328492755
lottery_only_10,9,3048369334,30,300,0.22806980248641348
lottery_only_10,10,1400142473,30,300,0.3264498593559033
lottery_only_10,11,2199753328,30,300,0.2815958361686137
lottery_only_10,12,1950944253,30,300,0.2767528925022878
lottery_only_10,13,1439800847,30,300,0.18558133536823307
lottery_only_10,14,1699023239,30,300,0.26925703393229294
lottery_only_10,15,744304938,30,300,0.26358653581344654
lottery_only_10,16,3332357462,30,300,0.20658852142654657
lottery_only_10,17,2607616949,30,300,0.26295025231925395
lottery_only_10,18,2785588446,30,300,0.36909354265336863
lottery_only_10,19,2326026774,30,300,0.3128143733846345
lottery_only_10,20,1190556536,30,300,0.3112370528275849
lottery_only_10,21,1832435812,30,300,0.2974544757575852
lottery_only_10,22,3758733651,30,300,0.22392463627766665
lottery_only_10,23,3826670891,30,300,0.2507717494493981
lottery_only_10,24,332882573,30,300,0.25747746867515087
lottery_only_10,25,126882987,30,300,0.23087295374079844
lottery_only_10,26,1811283073,30,300,0.2677890478968464
lottery_only_10,27,219745394,30,300,0.21045748234190828
lottery_only_10,28,3462496116,30,300,0.28571675850528533
lottery_only_10,29,75725724,30,300,0.30513448729374926
lottery_only_10,0,3256145307,90,300,0.32574154526578813
lottery_only_10,1,926503245,90,300,0.2857600007238052
lottery_only_10,2,1263450924,90,300,0.23654373002041718
lottery_only_10,3,1463822826,90,300,0.24181917709881723
lottery_only_10,4,3438577879,90,300,0.23572577891575103
lottery_only_10,5,3800870049,90,300,0.2577694638967171
lottery_only_10,6,512931241,90,300,0.25921046954063026
lottery_only_10,7,858527504,90,300,0.2621842519287285
lottery_only_10,8,1816437448,90,300,0.23570540238535584
lottery_only_10,9,3048369334,90,300,0.23674878729341436
lottery_only_10,10,1400142473,90,300,0.33009807625532567
lottery_only_10,11,2199753328,90,300,0.26935917575886853
lottery_only_10,12,1950944253,90,300,0.28205897883403325
lottery_only_10,13,1439800847,90,300,0.17909837387392327
lottery_only_10,14,1699023239,90,300,0.2599431996973443
lottery_only_10,15,744304938,90,300,0.25760221517334214
lottery_only_10,16,3332357462,90,300,0.20571197676437844
lottery_only_10,17,2607616949,90,300,0.26257848200028894
lottery_only_10,18,2785588446,90,300,0.3609363594277426
lottery_only_10,19,2326026774,90,300,0.313305052222451
lottery_only_10,20,1190556536,90,300,0.32850337554465153
lottery_only_10,21,1832435812,90,300,0.2928551583619122
lottery_only_10,22,3758733651,90,300,0.22047957492756148
lottery_only_10,23,3826670891,90,300,0.24343671007003823
lottery_only_10,24,332882573,90,300,0.2593116980563679
lottery_only_10,25,126882987,90,300,0.23038199587114283
lottery_only_10,26,1811283073,90,300,0.2627330792369814
lottery_only_10,27,219745394,90,300,0.2147962563716943
lottery_only_10,28,3462496116,90,300,0.2839343759970784
lottery_only_10,29,75725724,90,300,0.29805831437871055
uniform_lottery,0,3256145307,0,300,0.1394669732010713
uniform_lottery,1,926503245,0,300,0.1330293573453295
uniform_lottery,2,1263450924,0,300,0.1314718521228267
uniform_lottery,3,1463822826,0,300,0.1361455112686597
uniform_lottery,4,3438577879,0,300,0.13123749909891988
uniform_lottery,5,3800870049,0,300,0.1273367988009152
uniform_lottery,6,512931241,0,300,0.12739675838169462
uniform_lottery,7,858527504,0,300,0.12692338735984485
uniform_lottery,8,1816437448,0,300,0.1394204784616311
uniform_lottery,9,3048369334,0,300,0.12961093702570967
uniform_lottery,10,1400142473,0,300,0.13243086229131565
uniform_lottery,11,2199753328,0,300,0.13319618577657788
uniform_lottery,12,1950944253,0,300,0.14041222161801034
uniform_lottery,13,1439800847,0,300,0.14071792421677232
uniform_lottery,14,1699023239,0,300,0.13580039851480674
uniform_lottery,15,744304938,0,300,0.1328886038061222
uniform_lottery,16,3332357462,0,300,0.1276725014150766
uniform_lottery,17,2607616949,0,300,0.12456429325625351
uniform_lottery,18,2785588446,0,300,0.12675339540887473
uniform_lottery,19,2326026774,0,300,0.14381270890774117
uniform_lottery,20,1190556536,0,300,0.13220743404354846
uniform_lottery,21,1832435812,0,300,0.13898428067624036
uniform_lottery,22,3758733651,0,300,0.13386865182067137
uniform_lottery,23,3826670891,0,300,0.1373652211310716
uniform_lottery,24,332882573,0,300,0.13854734083190587
uniform_lottery,25,126882987,0,300,0.13210559173445827
uniform_lottery,26,1811283073,0,300,0.13518049013702702
uniform_lottery,27,219745394,0,300,0.14446178929920603
uniform_lottery,28,3462496116,0,300,0.1317027683450115
uniform_lottery,29,75725724,0,300,0.13321986769905583
uniform_lottery,0,3256145307,0,6,0.5182636193312461
uniform_lottery,1,926503245,0,6,0.322279379838702
uniform_lottery,2,1263450924,0,6,0.2692888465920125
uniform_lottery,3,1463822826,0,6,0.4079112514035619
uniform_lottery,4,3438577879,0,6,0.3192356792554582
uniform_lottery,5,3800870049,0,6,0.218619313908288
uniform_lottery,6,512931241,0,6,0.31808328537916014
uniform_lottery,7,858527504,0,6,0.3006519213164029
uniform_lottery,8,1816437448,0,6,0.6209099739508847
uniform_lottery,9,3048369334,0,6,0.3344085134623658
uniform_lottery,10,1400142473,0,6,0.25005599924708927
uniform_lottery,11,2199753328,0,6,0.5371574535411429
uniform_lottery,12,1950944253,0,6,0.426278229967963
uniform_lottery,13,1439800847,0,6,0.666251870549181
uniform_lottery,14,1699023239,0,6,0.6868217742437528
uniform_lottery,15,744304938,0,6,0.3772637786540043
uniform_lottery,16,3332357462,0,6,0.1883709739299367
uniform_lottery,17,2607616949,0,6,0.47809344471520077
uniform_lottery,18,2785588446,0,6,0.28701554636380316
uniform_lottery,19,2326026774,0,6,0.5838572577951052
uniform_lottery,20,1190556536,0,6,0.30262943742572873
uniform_lottery,21,1832435812,0,6,0.46364804068289184
uniform_lottery,22,3758733651,0,6,0.40518632047805697
uniform_lottery,23,3826670891,0,6,0.5010182836716813
uniform_lottery,24,332882573,0,6,0.49710246677730513
uniform_lottery,25,126882987,0,6,0.4421189403145322
uniform_lottery,26,1811283073,0,6,0.5482805828318996
uniform_lottery,27,219745394,0,6,0.8643679555343402
uniform_lottery,28,3462496116,0,6,0.3971388117477174
uniform_lottery,29,75725724,0,6,0.47078319811917585
uniform_lottery,0,3256145307,6,30,0.12438775418439389
uniform_lottery,1,926503245,6,30,0.1398634658113046
uniform_lottery,2,1263450924,6,30,0.1261768608172179
uniform_lottery,3,1463822826,6,30,0.14294401237564755
uniform_lottery,4,3438577879,6,30,0.12243791425395927
uniform_lottery,5,3800870049,6,30,0.12471767244093107
uniform_lottery,6,512931241,6,30,0.1326118155382919
uniform_lottery,7,858527504,6,30,0.13561633777869733
uniform_lottery,8,1816437448,6,30,0.12794156341998345
uniform_lottery,9,3048369334,6,30,0.1277508001096248
uniform_lottery,10,1400142473,6,30,0.1359166966684085
uniform_lottery,11,2199753328,6,30,0.12026378633893568
uniform_lottery,12,1950944253,6,30,0.14872699140814535
uniform_lottery,13,1439800847,6,30,0.1472264854364225
uniform_lottery,14,1699023239,6,30,0.11889152144534382
uniform_lottery,15,744304938,6,30,0.12538261483541926
uniform_lottery,16,3332357462,6,30,0.1284154836376301
uniform_lottery,17,2607616949,6,30,0.09771804561497614
uniform_lottery,18,2785588446,6,30,0.11539911728369591
uniform_lottery,19,2326026774,6,30,0.1500146551837982
uniform_lottery,20,1190556536,6,30,0.1359259874351432
uniform_lottery,21,1832435812,6,30,0.14295205421184823
uniform_lottery,22,3758733651,6,30,0.12139162253043884
uniform_lottery,23,3826670891,6,30,0.11432711782633002
uniform_lottery,24,332882573,6,30,0.130476419134963
uniform_lottery,25,126882987,6,30,0.12993519629342107
uniform_lottery,26,1811283073,6,30,0.1424188506687901
uniform_lottery,27,219745394,6,30,0.11855002945016924
uniform_lottery,28,3462496116,6,30,0.13170834612103402
uniform_lottery,29,75725724,6,30,0.11709840320032637
uniform_lottery,0,3256145307,0,30,0.20316292721376433
uniform_lottery,1,926503245,0,30,0.17634664861678406
uniform_lottery,2,1263450924,0,30,0.15479925797217683
uniform_lottery,3,1463822826,0,30,0.1959374601812304
uniform_lottery,4,3438577879,0,30,0.16179746725425906
uniform_lottery,5,3800870049,0,30,0.14349800073440244
uniform_lottery,6,512931241,0,30,0.16970610950646553
uniform_lottery,7,858527504,0,30,0.16862345448623847
uniform_lottery,8,1816437448,0,30,0.2265352455261637
uniform_lottery,9,3048369334,0,30,0.169082342780173
uniform_lottery,10,1400142473,0,30,0.15874455718414465
uniform_lottery,11,2199753328,0,30,0.2036425197793771
uniform_lottery,12,1950944253,0,30,0.2042372391201089
uniform_lottery,13,1439800847,0,30,0.2510315624589742
uniform_lottery,14,1699023239,0,30,0.23247757200502558
uniform_lottery,15,744304938,0,30,0.17575884759913626
uniform_lottery,16,3332357462,0,30,0.1404065816960914
uniform_lottery,17,2607616949,0,30,0.17379312543502107
uniform_lottery,18,2785588446,0,30,0.14972240309971738
uniform_lottery,19,2326026774,0,30,0.23678317570605958
uniform_lottery,20,1190556536,0,30,0.16926667743326032
uniform_lottery,21,1832435812,0,30,0.20709125150605695
uniform_lottery,22,3758733651,0,30,0.17815056211996247
uniform_lottery,23,3826670891,0,30,0.19166535099540027
uniform_lottery,24,332882573,0,30,0.2038016286634314
uniform_lottery,25,126882987,0,30,0.1923719450976433
uniform_lottery,26,1811283073,0,30,0.22359119710141198
uniform_lottery,27,219745394,0,30,0.26771361466700344
uniform_lottery,28,3462496116,0,30,0.1847944392463707
uniform_lottery,29,75725724,0,30,0.18783536218409627
uniform_lottery,0,3256145307,30,300,0.13238964497743874
uniform_lottery,1,926503245,30,300,0.12821632498183455
uniform_lottery,2,1263450924,30,300,0.12887991813956556
uniform_lottery,3,1463822826,30,300,0.12950196138948522
uniform_lottery,4,3438577879,30,300,0.12784194708166
uniform_lottery,5,3800870049,30,300,0.1255411096971944
uniform_lottery,6,512931241,30,300,0.12269571936783118
uniform_lottery,7,858527504,30,300,0.12229004656802334
uniform_lottery,8,1816437448,30,300,0.12974105989890528
uniform_lottery,9,3048369334,30,300,0.12522522527521374
uniform_lottery,10,1400142473,30,300,0.12950711841433465
uniform_lottery,11,2199753328,30,300,0.1253688153318224
uniform_lottery,12,1950944253,30,300,0.13332055300666606
uniform_lottery,13,1439800847,30,300,0.1284608533009721
uniform_lottery,14,1699023239,30,300,0.12505849034922686
uniform_lottery,15,744304938,30,300,0.12812524338467618
uniform_lottery,16,3332357462,30,300,0.126257603606075
uniform_lottery,17,2607616949,30,300,0.1190944230141682
uniform_lottery,18,2785588446,30,300,0.12420128344322555
uniform_lottery,19,2326026774,30,300,0.13348265704126136
uniform_lottery,20,1190556536,30,300,0.12808974033358048
uniform_lottery,21,1832435812,30,300,0.13141683947292743
uniform_lottery,22,3758733651,30,300,0.1289484395651946
uniform_lottery,23,3826670891,30,300,0.13133187336836843
uniform_lottery,24,332882573,30,300,0.13129686440618085
uniform_lottery,25,126882987,30,300,0.12540933024965994
uniform_lottery,26,1811283073,30,300,0.12535707825209536
uniform_lottery,27,219745394,30,300,0.13076714203611745
uniform_lottery,28,3462496116,30,300,0.12580369380041603
uniform_lottery,29,75725724,30,300,0.12715147942294022
uniform_lottery,0,3256145307,90,300,0.13149476730277807
uniform_lottery,1,926503245,90,300,0.13187479011205727
uniform_lottery,2,1263450924,90,300,0.12705117758030152
uniform_lottery,3,1463822826,90,300,0.13058695085262742
uniform_lottery,4,3438577879,90,300,0.1269175688492742
uniform_lottery,5,3800870049,90,300,0.12601584562381477
uniform_lottery,6,512931241,90,300,0.12573446048576914
uniform_lottery,7,858527504,90,300,0.12305249359698685
uniform_lottery,8,1816437448,90,300,0.13334558580330733
uniform_lottery,9,3048369334,90,300,0.12548613207591067
uniform_lottery,10,1400142473,90,300,0.12942552247142616
uniform_lottery,11,2199753328,90,300,0.12678226982165336
uniform_lottery,12,1950944253,90,300,0.13574631894652853
uniform_lottery,13,1439800847,90,300,0.12631934817294438
uniform_lottery,14,1699023239,90,300,0.12593907048410144
uniform_lottery,15,744304938,90,300,0.12861406426325764
uniform_lottery,16,3332357462,90,300,0.1276477588018703
uniform_lottery,17,2607616949,90,300,0.11713312076067785
uniform_lottery,18,2785588446,90,300,0.12328823186807905
uniform_lottery,19,2326026774,90,300,0.13620099940170216
uniform_lottery,20,1190556536,90,300,0.1305069541293468
uniform_lottery,21,1832435812,90,300,0.12751848593367027
uniform_lottery,22,3758733651,90,300,0.12593861368120687
uniform_lottery,23,3826670891,90,300,0.13289173980139232
uniform_lottery,24,332882573,90,300,0.12787903385258417
uniform_lottery,25,126882987,90,300,0.12470914840173629
uniform_lottery,26,1811283073,90,300,0.12014953284190172
uniform_lottery,27,219745394,90,300,0.13335588123526282
uniform_lottery,28,3462496116,90,300,0.12450097573256713
uniform_lottery,29,75725724,90,300,0.12770672472892997
equal_weights,0,3256145307,0,300,0.6096265902200566
equal_weights,1,926503245,0,300,0.6628867243954223
equal_weights,2,1263450924,0,300,0.40428522574036924
equal_weights,3,1463822826,0,300,0.647815000426856
equal_weights,4,3438577879,0,300,0.40596818271259993
equal_weights,5,3800870049,0,300,0.3313400700411194
equal_weights,6,512931241,0,300,0.5116792369865273
equal_weights,7,858527504,0,300,0.4999677420650958
equal_weights,8,1816437448,0,300,0.32248780212789757
equal_weights,9,3048369334,0,300,0.5104644759209922
equal_weights,10,1400142473,0,300,0.42425022712387983
equal_weights,11,2199753328,0,300,0.39623127759439464
equal_weights,12,1950944253,0,300,0.36198692393713916
equal_weights,13,1439800847,0,300,0.4119314905630349
equal_weights,14,1699023239,0,300,0.6224638660241569
equal_weights,15,744304938,0,300,0.5352924485844157
equal_weights,16,3332357462,0,300,0.39937947625045356
equal_weights,17,2607616949,0,300,0.3920280383000197
equal_weights,18,2785588446,0,300,0.5215867304247084
equal_weights,19,2326026774,0,300,0.5356802354186727
equal_weights,20,1190556536,0,300,0.49567395613738197
equal_weights,21,1832435812,0,300,0.5569266920245619
equal_weights,22,3758733651,0,300,0.3872131573492759
equal_weights,23,3826670891,0,300,0.38771040391722184
equal_weights,24,332882573,0,300,0.4893630885978707
equal_weights,25,126882987,0,300,0.4947867001704908
equal_weights,26,1811283073,0,300,0.4384498636805416
equal_weights,27,219745394,0,300,0.5554860745212887
equal_weights,28,3462496116,0,300,0.4104510931938322
equal_weights,29,75725724,0,300,0.5784235439251492
equal_weights,0,3256145307,0,6,0.5481804391283295
equal_weights,1,926503245,0,6,0.8332648395675969
equal_weights,2,1263450924,0,6,0.5039069260537963
equal_weights,3,1463822826,0,6,1.0368582491893539
equal_weights,4,3438577879,0,6,1.0543297827127707
equal_weights,5,3800870049,0,6,0.5575262468251626
equal_weights,6,512931241,0,6,0.5443844478460699
equal_weights,7,858527504,0,6,0.8615698579741097
equal_weights,8,1816437448,0,6,0.55996382852111
equal_weights,9,3048369334,0,6,0.4455557483039238
equal_weights,10,1400142473,0,6,0.5287767704040975
equal_weights,11,2199753328,0,6,1.0552079324129302
equal_weights,12,1950944253,0,6,0.6437247441382228
equal_weights,13,1439800847,0,6,0.813903162066044
equal_weights,14,1699023239,0,6,0.7144829547973209
equal_weights,15,744304938,0,6,1.2747836987817889
equal_weights,16,3332357462,0,6,0.5441590311516387
equal_weights,17,2607616949,0,6,0.528867902040236
equal_weights,18,2785588446,0,6,0.7944580256643389
equal_weights,19,2326026774,0,6,0.880500913523028
equal_weights,20,1190556536,0,6,0.5360724163220073
equal_weights,21,1832435812,0,6,0.5115693232736286
equal_weights,22,3758733651,0,6,0.4187430498611326
equal_weights,23,3826670891,0,6,0.7551888845349022
equal_weights,24,332882573,0,6,0.8555074801380815
equal_weights,25,126882987,0,6,1.3744032356970814
equal_weights,26,1811283073,0,6,0.9426853351534383
equal_weights,27,219745394,0,6,0.825285311986493
equal_weights,28,3462496116,0,6,0.7105668931390415
equal_weights,29,75725724,0,6,0.9275508633351809
equal_weights,0,3256145307,6,30,0.6827258021540369
equal_weights,1,926503245,6,30,0.7146033906898174
equal_weights,2,1263450924,6,30,0.355057028034887
equal_weights,3,1463822826,6,30,0.5422406421335751
equal_weights,4,3438577879,6,30,0.4069411757766909
equal_weights,5,3800870049,6,30,0.23692743952441067
equal_weights,6,512931241,6,30,0.5573050505120293
equal_weights,7,858527504,6,30,0.4519223618089232
equal_weights,8,1816437448,6,30,0.31669918526299695
equal_weights,9,3048369334,6,30,0.573894487309586
equal_weights,10,1400142473,6,30,0.29495199297767266
equal_weights,11,2199753328,6,30,0.29975501410999345
equal_weights,12,1950944253,6,30,0.30078737370270486
equal_weights,13,1439800847,6,30,0.37329493341197534
equal_weights,14,1699023239,6,30,0.5661587096495456
equal_weights,15,744304938,6,30,0.5412472935656959
equal_weights,16,3332357462,6,30,0.5098542311314894
equal_weights,17,2607616949,6,30,0.3823103813145942
equal_weights,18,2785588446,6,30,0.515403673068808
equal_weights,19,2326026774,6,30,0.6287674438377939
equal_weights,20,1190556536,6,30,0.4591613304526813
equal_weights,21,1832435812,6,30,0.4590043109848674
equal_weights,22,3758733651,6,30,0.34252502077359703
equal_weights,23,3826670891,6,30,0.3715063389838859
equal_weights,24,332882573,6,30,0.6227014041993258
equal_weights,25,126882987,6,30,0.3966195678475157
equal_weights,26,1811283073,6,30,0.2901403028638248
equal_weights,27,219745394,6,30,0.496048926999725
equal_weights,28,3462496116,6,30,0.358075194068765
equal_weights,29,75725724,6,30,0.5365273475402683
equal_weights,0,3256145307,0,30,0.6558167295488955
equal_weights,1,926503245,0,30,0.7383356804653733
equal_weights,2,1263450924,0,30,0.38482700763866884
equal_weights,3,1463822826,0,30,0.6411641635447309
equal_weights,4,3438577879,0,30,0.5364188971639069
equal_weights,5,3800870049,0,30,0.30104720098456106
equal_weights,6,512931241,0,30,0.5547209299788374
equal_weights,7,858527504,0,30,0.5338518610419604
equal_weights,8,1816437448,0,30,0.3653521139146196
equal_weights,9,3048369334,0,30,0.5482267395084536
equal_weights,10,1400142473,0,30,0.34171694846295764
equal_weights,11,2199753328,0,30,0.4508455977705808
equal_weights,12,1950944253,0,30,0.36937484778980845
equal_weights,13,1439800847,0,30,0.46141657914278905
equal_weights,14,1699023239,0,30,0.5958235586791006
equal_weights,15,744304938,0,30,0.6879545746089145
equal_weights,16,3332357462,0,30,0.5167151911355192
equal_weights,17,2607616949,0,30,0.4116218854597226
equal_weights,18,2785588446,0,30,0.5712145435879141
equal_weights,19,2326026774,0,30,0.6791141377748408
equal_weights,20,1190556536,0,30,0.4745435476265465
equal_weights,21,1832435812,0,30,0.46951731344261965
equal_weights,22,3758733651,0,30,0.35776862659110414
equal_weights,23,3826670891,0,30,0.4482428480940891
equal_weights,24,332882573,0,30,0.6692626193870769
equal_weights,25,126882987,0,30,0.5921763014174287
equal_weights,26,1811283073,0,30,0.4206493093217475
equal_weights,27,219745394,0,30,0.5618962039970786
equal_weights,28,3462496116,0,30,0.4285735338828203
equal_weights,29,75725724,0,30,0.6147320506992509
equal_weights,0,3256145307,30,300,0.6044943525168524
equal_weights,1,926503245,30,300,0.6545035070543166
equal_weights,2,1263450924,30,300,0.4064472499738915
equal_weights,3,1463822826,30,300,0.6485539823026477
equal_weights,4,3438577879,30,300,0.39147365888467694
equal_weights,5,3800870049,30,300,0.334705944380737
equal_weights,6,512931241,30,300,0.5068968266540482
equal_weights,7,858527504,30,300,0.4962028399565553
equal_weights,8,1816437448,30,300,0.31772510081826183
equal_weights,9,3048369334,30,300,0.5062686688557188
equal_weights,10,1400142473,30,300,0.4334205914195378
equal_weights,11,2199753328,30,300,0.39016301979704066
equal_weights,12,1950944253,30,300,0.36116604350906484
equal_weights,13,1439800847,30,300,0.40643314738750663
equal_weights,14,1699023239,30,300,0.6254239001736076
equal_weights,15,744304938,30,300,0.5183299901372491
equal_weights,16,3332357462,30,300,0.3863421745965574
equal_weights,17,2607616949,30,300,0.3898509441711638
equal_weights,18,2785588446,30,300,0.51607252896213
equal_weights,19,2326026774,30,300,0.5197431351568763
equal_weights,20,1190556536,30,300,0.49802177930525265
equal_weights,21,1832435812,30,300,0.5666388452003333
equal_weights,22,3758733651,30,300,0.39048477187796166
equal_weights,23,3826670891,30,300,0.38098457678645875
equal_weights,24,332882573,30,300,0.46937425184351445
equal_weights,25,126882987,30,300,0.48396563336527537
equal_weights,26,1811283073,30,300,0.44042770305374096
equal_weights,27,219745394,30,300,0.5547738379128676
equal_weights,28,3462496116,30,300,0.4084374886728336
equal_weights,29,75725724,30,300,0.5743892653946935
equal_weights,0,3256145307,90,300,0.6032753611467104
equal_weights,1,926503245,90,300,0.6481155115126993
equal_weights,2,1263450924,90,300,0.3998047197817243
equal_weights,3,1463822826,90,300,0.6596831228519225
equal_weights,4,3438577879,90,300,0.38457533527467924
equal_weights,5,3800870049,90,300,0.3062318423149978
equal_weights,6,512931241,90,300,0.5145080625591116
equal_weights,7,858527504,90,300,0.4984037763755228
equal_weights,8,1816437448,90,300,0.31796248184763587
equal_weights,9,3048369334,90,300,0.49531943852230537
equal_weights,10,1400142473,90,300,0.43032355932772176
equal_weights,11,2199753328,90,300,0.399740716406903
equal_weights,12,1950944253,90,300,0.3576489777058495
equal_weights,13,1439800847,90,300,0.4156904605926743
equal_weights,14,1699023239,90,300,0.6415874103235415
equal_weights,15,744304938,90,300,0.5079179826360111
equal_weights,16,3332357462,90,300,0.3977017978179363
equal_weights,17,2607616949,90,300,0.3991481540613549
equal_weights,18,2785588446,90,300,0.5216197963165025
equal_weights,19,2326026774,90,300,0.5533854181790627
equal_weights,20,1190556536,90,300,0.48576220011254684
equal_weights,21,1832435812,90,300,0.5579056100583908
equal_weights,22,3758733651,90,300,0.38293815289716865
equal_weights,23,3826670891,90,300,0.3794276496506998
equal_weights,24,332882573,90,300,0.4803465352737125
equal_weights,25,126882987,90,300,0.49862822086576225
equal_weights,26,1811283073,90,300,0.435537342063134
equal_weights,27,219745394,90,300,0.5394125370815633
equal_weights,28,3462496116,90,300,0.4049296249759191
equal_weights,29,75725724,90,300,0.5600445734498737
frozen_after_100,0,3256145307,0,300,0.14407585722054259
frozen_after_100,1,926503245,0,300,0.1492416509336112
frozen_after_100,2,1263450924,0,300,0.13375975085621272
frozen_after_100,3,1463822826,0,300,0.13961739421745617
frozen_after_100,4,3438577879,0,300,0.12947119494870338
frozen_after_100,5,3800870049,0,300,0.11941754178363041
frozen_after_100,6,512931241,0,300,0.13307703019808545
frozen_after_100,7,858527504,0,300,0.1283179392359581
frozen_after_100,8,1816437448,0,300,0.12661753142223917
frozen_after_100,9,3048369334,0,300,0.13485770616781592
frozen_after_100,10,1400142473,0,300,0.13638040836059226
frozen_after_100,11,2199753328,0,300,0.13356241846461941
frozen_after_100,12,1950944253,0,300,0.1312549378652113
frozen_after_100,13,1439800847,0,300,0.13409804411543103
frozen_after_100,14,1699023239,0,300,0.13420558106055316
frozen_after_100,15,744304938,0,300,0.12823948935963622
frozen_after_100,16,3332357462,0,300,0.1316245330033541
frozen_after_100,17,2607616949,0,300,0.12206880055382088
frozen_after_100,18,2785588446,0,300,0.1513713147960216
frozen_after_100,19,2326026774,0,300,0.1530379201683219
frozen_after_100,20,1190556536,0,300,0.13973931943941312
frozen_after_100,21,1832435812,0,300,0.1394742572241825
frozen_after_100,22,3758733651,0,300,0.1290799086815895
frozen_after_100,23,3826670891,0,300,0.12990062774637304
frozen_after_100,24,332882573,0,300,0.12253542128314329
frozen_after_100,25,126882987,0,300,0.1430048713753169
frozen_after_100,26,1811283073,0,300,0.12638375369916482
frozen_after_100,27,219745394,0,300,0.1325789314355041
frozen_after_100,28,3462496116,0,300,0.1411806140585272
frozen_after_100,29,75725724,0,300,0.13905111274891982
frozen_after_100,0,3256145307,0,6,0.28959817713932334
frozen_after_100,1,926503245,0,6,0.45773126712171236
frozen_after_100,2,1263450924,0,6,0.21821380162766787
frozen_after_100,3,1463822826,0,6,0.685657201749099
frozen_after_100,4,3438577879,0,6,0.44513524131872856
frozen_after_100,5,3800870049,0,6,0.2700755199645369
frozen_after_100,6,512931241,0,6,0.32512920721828037
frozen_after_100,7,858527504,0,6,0.21462029198063448
frozen_after_100,8,1816437448,0,6,0.30974740869103196
frozen_after_100,9,3048369334,0,6,0.21942005495098418
frozen_after_100,10,1400142473,0,6,0.2481232415874166
frozen_after_100,11,2199753328,0,6,0.48074405012637794
frozen_after_100,12,1950944253,0,6,0.40616073360738003
frozen_after_100,13,1439800847,0,6,0.411485393533869
frozen_after_100,14,1699023239,0,6,0.33548971622657353
frozen_after_100,15,744304938,0,6,0.5889446186808373
frozen_after_100,16,3332357462,0,6,0.35008876187952315
frozen_after_100,17,2607616949,0,6,0.26853009114864707
frozen_after_100,18,2785588446,0,6,0.3071763722490532
frozen_after_100,19,2326026774,0,6,0.42275841904431005
frozen_after_100,20,1190556536,0,6,0.28280547859725685
frozen_after_100,21,1832435812,0,6,0.3399150060795894
frozen_after_100,22,3758733651,0,6,0.29566166797007737
frozen_after_100,23,3826670891,0,6,0.38876921502885503
frozen_after_100,24,332882573,0,6,0.29144224531086743
frozen_after_100,25,126882987,0,6,0.576541775951612
frozen_after_100,26,1811283073,0,6,0.38006016475332727
frozen_after_100,27,219745394,0,6,0.34076637657745595
frozen_after_100,28,3462496116,0,6,0.40685368693238616
frozen_after_100,29,75725724,0,6,0.5475790551378682
frozen_after_100,0,3256145307,6,30,0.14071919991953694
frozen_after_100,1,926503245,6,30,0.1579707674327176
frozen_after_100,2,1263450924,6,30,0.12460319275376495
frozen_after_100,3,1463822826,6,30,0.14448662176719618
frozen_after_100,4,3438577879,6,30,0.11787986884098613
frozen_after_100,5,3800870049,6,30,0.10599799618709001
frozen_after_100,6,512931241,6,30,0.13086041284504293
frozen_after_100,7,858527504,6,30,0.14234093544568735
frozen_after_100,8,1816437448,6,30,0.1211144080945802
frozen_after_100,9,3048369334,6,30,0.132258642728221
frozen_after_100,10,1400142473,6,30,0.11720962455564295
frozen_after_100,11,2199753328,6,30,0.11998592930237949
frozen_after_100,12,1950944253,6,30,0.1194356675493603
frozen_after_100,13,1439800847,6,30,0.14001806223485636
frozen_after_100,14,1699023239,6,30,0.14946425573396196
frozen_after_100,15,744304938,6,30,0.12367475648778727
frozen_after_100,16,3332357462,6,30,0.12972119998202086
frozen_after_100,17,2607616949,6,30,0.10053338365071628
frozen_after_100,18,2785588446,6,30,0.12524859077709863
frozen_after_100,19,2326026774,6,30,0.152576503042368
frozen_after_100,20,1190556536,6,30,0.13022421719681726
frozen_after_100,21,1832435812,6,30,0.13733756244467316
frozen_after_100,22,3758733651,6,30,0.1293061147572857
frozen_after_100,23,3826670891,6,30,0.10522115876253087
frozen_after_100,24,332882573,6,30,0.13047092931979024
frozen_after_100,25,126882987,6,30,0.14204453091176908
frozen_after_100,26,1811283073,6,30,0.12144494433905322
frozen_after_100,27,219745394,6,30,0.11611384239794287
frozen_after_100,28,3462496116,6,30,0.1153213694315345
frozen_after_100,29,75725724,6,30,0.12211815998138696
frozen_after_100,0,3256145307,0,30,0.1704949953634942
frozen_after_100,1,926503245,0,30,0.21792286737051655
frozen_after_100,2,1263450924,0,30,0.14332531452854552
frozen_after_100,3,1463822826,0,30,0.25272073776357673
frozen_after_100,4,3438577879,0,30,0.1833309433365346
frozen_after_100,5,3800870049,0,30,0.13881350094257938
frozen_after_100,6,512931241,0,30,0.16971417171969044
frozen_after_100,7,858527504,0,30,0.15679680675267677
frozen_after_100,8,1816437448,0,30,0.15884100821387057
frozen_after_100,9,3048369334,0,30,0.14969092517277363
frozen_after_100,10,1400142473,0,30,0.14339234796199768
frozen_after_100,11,2199753328,0,30,0.19213755346717915
frozen_after_100,12,1950944253,0,30,0.17678068076096426
frozen_after_100,13,1439800847,0,30,0.19431152849465888
frozen_after_100,14,1699023239,0,30,0.1866693478324843
frozen_after_100,15,744304938,0,30,0.21672872892639727
frozen_after_100,16,3332357462,0,30,0.17379471236152133
frozen_after_100,17,2607616949,0,30,0.13413272515030245
frozen_after_100,18,2785588446,0,30,0.16163414707148954
frozen_after_100,19,2326026774,0,30,0.2066128862427564
frozen_after_100,20,1190556536,0,30,0.16074046947690518
frozen_after_100,21,1832435812,0,30,0.17785305117165642
frozen_after_100,22,3758733651,0,30,0.16257722539984404
frozen_after_100,23,3826670891,0,30,0.16193077001579567
frozen_after_100,24,332882573,0,30,0.16266519251800565
frozen_after_100,25,126882987,0,30,0.22894397991973767
frozen_after_100,26,1811283073,0,30,0.17316798842190803
frozen_after_100,27,219745394,0,30,0.16104434923384547
frozen_after_100,28,3462496116,0,30,0.17362783293170483
frozen_after_100,29,75725724,0,30,0.20721033901268318
frozen_after_100,0,3256145307,30,300,0.1411403974268813
frozen_after_100,1,926503245,30,300,0.14161040466284391
frozen_after_100,2,1263450924,30,300,0.13269691044817575
frozen_after_100,3,1463822826,30,300,0.127050356045665
frozen_after_100,4,3438577879,30,300,0.12348677846116658
frozen_after_100,5,3800870049,30,300,0.11726243521041387
frozen_after_100,6,512931241,30,300,0.1290062366956849
frozen_after_100,7,858527504,30,300,0.12515362062298938
frozen_after_100,8,1816437448,30,300,0.12303714511205792
frozen_after_100,9,3048369334,30,300,0.1332095707228206
frozen_after_100,10,1400142473,30,300,0.1356013039604361
frozen_after_100,11,2199753328,30,300,0.12705407013100167
frozen_after_100,12,1950944253,30,300,0.12619652198790546
frozen_after_100,13,1439800847,30,300,0.12740765696218348
frozen_after_100,14,1699023239,30,300,0.1283762736414497
frozen_after_100,15,744304938,30,300,0.11840735162999612
frozen_after_100,16,3332357462,30,300,0.1269389575191133
frozen_after_100,17,2607616949,30,300,0.12072836448754516
frozen_after_100,18,2785588446,30,300,0.15023100009874737
frozen_after_100,19,2326026774,30,300,0.14708514616005142
frozen_after_100,20,1190556536,30,300,0.1374058583241362
frozen_after_100,21,1832435812,30,300,0.13520994678557427
frozen_after_100,22,3758733651,30,300,0.12535798460178346
frozen_after_100,23,3826670891,30,300,0.12634172304977054
frozen_after_100,24,332882573,30,300,0.11807655781260304
frozen_after_100,25,126882987,30,300,0.1334560815370479
frozen_after_100,26,1811283073,30,300,0.1211855053966378
frozen_after_100,27,219745394,30,300,0.1294161072356884
frozen_after_100,28,3462496116,30,300,0.137575367517063
frozen_after_100,29,75725724,30,300,0.13147786538627945
frozen_after_100,0,3256145307,90,300,0.13998105717375345
frozen_after_100,1,926503245,90,300,0.1455109814246689
frozen_after_100,2,1263450924,90,300,0.13612355621034383
frozen_after_100,3,1463822826,90,300,0.12566371115012923
frozen_after_100,4,3438577879,90,300,0.1254582298330936
frozen_after_100,5,3800870049,90,300,0.11243006604024425
frozen_after_100,6,512931241,90,300,0.13142996697636156
frozen_after_100,7,858527504,90,300,0.1231207540142312
frozen_after_100,8,1816437448,90,300,0.12214736594770191
frozen_after_100,9,3048369334,90,300,0.13364200647206084
frozen_after_100,10,1400142473,90,300,0.13563075899379248
frozen_after_100,11,2199753328,90,300,0.12559614537221012
frozen_after_100,12,1950944253,90,300,0.12888888494872394
frozen_after_100,13,1439800847,90,300,0.12600096669000507
frozen_after_100,14,1699023239,90,300,0.12544016887979687
frozen_after_100,15,744304938,90,300,0.11749176494903733
frozen_after_100,16,3332357462,90,300,0.12765288707250888
frozen_after_100,17,2607616949,90,300,0.12175669772930094
frozen_after_100,18,2785588446,90,300,0.15193049967075972
frozen_after_100,19,2326026774,90,300,0.15010425559383198
frozen_after_100,20,1190556536,90,300,0.1402772125970604
frozen_after_100,21,1832435812,90,300,0.12938611108058629
frozen_after_100,22,3758733651,90,300,0.1257494641106638
frozen_after_100,23,3826670891,90,300,0.12687826009920486
frozen_after_100,24,332882573,90,300,0.11129140453126535
frozen_after_100,25,126882987,90,300,0.13540164943031474
frozen_after_100,26,1811283073,90,300,0.1195353793777261
frozen_after_100,27,219745394,90,300,0.12968616666965435
frozen_after_100,28,3462496116,90,300,0.1390069659345755
frozen_after_100,29,75725724,90,300,0.13134510602928956
